add_dens_source,C2,C3,C4,C5,C6,C7,C8,C9
0.00195802,0.181776,0.0969783,0.0403446,0.000612475,-0.0888816,0.0888673,-1.4358e-05,0.00821205
0.00196217,0.279393,0.106078,0.0396233,0.000617789,-0.0862683,0.0862537,-1.4586e-05,0.00747921
0.0224707,0.261411,0.112434,0.0712818,0.00617724,-0.105344,0.105327,-1.7952e-05,0.0257279
0.00205174,0.22345,0.0955801,0.0248148,0.000631991,-0.0907197,0.0907072,-1.2484e-05,0.00666369
0.00193559,0.203053,0.0909905,0.0243037,0.000637736,-0.090807,0.0907952,-1.1793e-05,0.00799189
0.00195713,0.201361,0.0863323,0.02299,0.000624515,-0.0863986,0.0863834,-1.525e-05,0.0070551
0.0199996,0.216722,0.0907952,0.0372037,0.000638008,-0.0910668,0.0910518,-1.5024e-05,0.00670003
0.00211554,0.199789,0.0907351,0.0235069,0.000625836,-0.0913113,0.0912945,-1.6842e-05,0.0115046
0.00192698,0.198994,0.103426,0.0694638,0.00702681,-0.112486,0.112468,-1.8008e-05,0.0236657
0.0162734,0.254624,0.120961,0.0656739,0.000653927,-0.0986282,0.098612,-1.6283e-05,0.00695664
0.00200687,0.20435,0.0906592,0.0228342,0.000633186,-0.111196,0.11118,-1.5538e-05,0.00665064
0.00196013,0.200105,0.0907183,0.0223942,0.000629871,-0.0915078,0.0914926,-1.5146e-05,0.0193219
0.00218982,0.200462,0.0917043,0.0232338,0.0006888,-0.0897955,0.0897804,-1.5159e-05,0.00623696
0.00193367,0.216808,0.0916304,0.0220316,0.000639189,-0.0875954,0.0875804,-1.5024e-05,0.00632376
0.00192469,0.193778,0.0887412,0.0224953,0.000663221,-0.0864735,0.086461,-1.2488e-05,0.00799606
0.0310006,0.253179,0.100683,0.0634056,0.00716707,-0.102635,0.102618,-1.7527e-05,0.0141869
0.0230914,0.283205,0.117349,0.0577073,0.00250643,-0.11009,0.110077,-1.291e-05,0.0242817
0.0105295,0.251815,0.110999,0.0749049,0.000643624,-0.116801,0.116783,-1.7988e-05,0.00965605
0.0170027,0.246516,0.108062,0.0641543,0.00220926,-0.103823,0.103807,-1.5939e-05,0.0125506
0.046914,0.276785,0.121477,0.0689986,0.00394219,-0.121113,0.121099,-1.3936e-05,0.0377193
0.0107935,0.260817,0.127997,0.0992451,0.0053864,-0.150835,0.150818,-1.727e-05,0.0171503
0.00240125,0.223548,0.100165,0.0232571,0.000659937,-0.0935428,0.0935269,-1.5815e-05,0.00717413
0.00196741,0.189157,0.0906472,0.0208359,0.000632754,-0.0868385,0.0868257,-1.286e-05,0.00666449
0.00192289,0.188789,0.0887948,0.0205602,0.000622526,-0.086834,0.0868191,-1.4878e-05,0.00670803
0.00195662,0.198475,0.0927445,0.0209026,0.000639097,-0.0914836,0.0914711,-1.2529e-05,0.00709998
0.00221219,0.218575,0.0917329,0.0193222,0.000612531,-0.106471,0.106456,-1.5644e-05,0.0379739
0.0140642,0.222824,0.124989,0.048645,0.00399909,-0.116754,0.116736,-1.7663e-05,0.0221215
0.00210323,0.196317,0.0924866,0.0205339,0.00063597,-0.0921255,0.0921108,-1.4665e-05,0.00720596
0.00203592,0.20761,0.0908211,0.020247,0.000634469,-0.0910384,0.0910216,-1.6776e-05,0.00692691
0.00198107,0.183893,0.0863842,0.0185304,0.00062719,-0.0870388,0.0870234,-1.5413e-05,0.0069317
0.00195429,0.183824,0.0860571,0.0185757,0.000624246,-0.0870351,0.0870203,-1.4834e-05,0.0069067
0.00192501,0.183993,0.0874636,0.0192962,0.000632511,-0.087378,0.0873633,-1.4754e-05,0.00713074
0.00253702,0.182329,0.0861308,0.0181636,0.00714538,-0.100852,0.100839,-1.3023e-05,0.0199831
0.0124086,0.218321,0.116981,0.0464385,0.00578129,-0.116917,0.116901,-1.5371e-05,0.0289901
0.00193684,0.192254,0.0912424,0.0187308,0.000627566,-0.0912366,0.0912207,-1.5839e-05,0.00726514
0.00192195,0.188406,0.0889151,0.0435482,0.00187114,-0.0925863,0.0925712,-1.5071e-05,0.00744086
0.00193992,0.183322,0.0885414,0.0178767,0.000776629,-0.0887216,0.088707,-1.4563e-05,0.00779589
0.00195272,0.182693,0.0982481,0.0178745,0.000638321,-0.0905545,0.0905413,-1.3161e-05,0.00715833
0.00194649,0.213397,0.0948881,0.0185534,0.000697624,-0.0880008,0.0879863,-1.449e-05,0.00726015
0.00214634,0.200242,0.0989984,0.0530537,0.00392271,-0.108476,0.108461,-1.4654e-05,0.0201154
0.00472607,0.230916,0.12001,0.0196635,0.000643901,-0.097405,0.0973879,-1.7098e-05,0.00795806
0.00195904,0.182192,0.0923908,0.0181108,0.00063265,-0.0897485,0.0897354,-1.3029e-05,0.00715878
0.00199273,0.17935,0.0943067,0.017615,0.00479267,-0.109323,0.109309,-1.4584e-05,0.0199845
0.0020245,0.198522,0.0963699,0.019942,0.000648443,-0.0923427,0.0923306,-1.2131e-05,0.0078057
0.00193079,0.183435,0.0914281,0.0179209,0.000636288,-0.0881337,0.0881191,-1.4614e-05,0.00776372
0.00223075,0.182154,0.0905966,0.0188663,0.000617672,-0.0895709,0.0895561,-1.4825e-05,0.00728859
0.0147251,0.207625,0.104301,0.0481989,0.00226775,-0.124484,0.124468,-1.5327e-05,0.0228588
0.0189393,0.232997,0.0971283,0.0194172,0.0006769,-0.0925737,0.0925631,-1.0601e-05,0.00765818
0.00208732,0.183101,0.0907274,0.0173804,0.000630476,-0.0878844,0.0878711,-1.3367e-05,0.00734769
0.0019252,0.183244,0.087248,0.0173304,0.000635104,-0.0876271,0.0876115,-1.5622e-05,0.00735369
0.00458199,0.182609,0.0911073,0.0205548,0.000625981,-0.0876595,0.087645,-1.4434e-05,0.00758128
0.00193088,0.182707,0.0889329,0.0184382,0.000634443,-0.0876428,0.0876306,-1.2276e-05,0.00735749
0.00219937,0.181151,0.0881706,0.017498,0.000631638,-0.0877879,0.0877752,-1.2643e-05,0.00767928
0.0207241,0.216905,0.100777,0.0600962,0.00830742,-0.101837,0.101817,-2.0642e-05,0.0211576
0.00213156,0.20407,0.0955614,0.0196629,0.000630214,-0.103561,0.103546,-1.5027e-05,0.0200875
0.0238643,0.227641,0.0988105,0.0195724,0.00063341,-0.0940955,0.0940804,-1.5047e-05,0.007991
0.00198034,0.191313,0.090711,0.0239921,0.000643391,-0.0911076,0.091092,-1.5631e-05,0.00759206
0.0019639,0.205237,0.090739,0.0182027,0.000685436,-0.0886696,0.0886572,-1.237e-05,0.00758873
0.00193341,0.180943,0.0862975,0.0173886,0.000613947,-0.0881895,0.0881727,-1.6738e-05,0.00760636
0.00525332,0.182456,0.0907408,0.0174962,0.00396198,-0.0970366,0.097015,-2.1602e-05,0.0151825
0.0332899,0.226511,0.103735,0.0572677,0.00315559,-0.104793,0.104773,-1.9762e-05,0.0159374
0.0020665,0.18452,0.090836,0.027856,0.000612884,-0.0964954,0.0964774,-1.7989e-05,0.00814214
0.00207094,0.183234,0.0892886,0.0174042,0.000629593,-0.0903572,0.0903425,-1.469e-05,0.00824598
0.00220839,0.180824,0.0861328,0.0173217,0.000614549,-0.0888516,0.0888352,-1.6428e-05,0.0115979
0.00201953,0.181583,0.0915927,0.0181259,0.00757092,-0.0934882,0.0934725,-1.575e-05,0.0221244
0.00195424,0.183621,0.0980905,0.0185277,0.000630944,-0.093452,0.0934369,-1.5078e-05,0.00769884
0.00746105,0.210429,0.109799,0.0403812,0.00227082,-0.103265,0.103252,-1.2937e-05,0.0169776
0.0261093,0.227819,0.111043,0.0208188,0.000644251,-0.110459,0.110443,-1.509e-05,0.0084861
0.00217722,0.186971,0.0965832,0.0187811,0.000630068,-0.0950519,0.0950373,-1.4568e-05,0.00822116
0.00198674,0.205569,0.101555,0.0180974,0.000645825,-0.0893007,0.089286,-1.4723e-05,0.00782871
0.00212285,0.196284,0.0917928,0.0186024,0.000624775,-0.102268,0.102255,-1.3354e-05,0.00823168
0.00209019,0.181529,0.0941024,0.0173529,0.000622039,-0.0880289,0.0880151,-1.381e-05,0.00803145
0.00203004,0.180748,0.0933239,0.0407526,0.000624633,-0.0978028,0.097786,-1.6796e-05,0.0118344
0.0270052,0.241911,0.117072,0.0628225,0.00478829,-0.118121,0.118105,-1.6219e-05,0.0231839
0.00204651,0.211047,0.0996574,0.0378784,0.000634671,-0.0937048,0.0936891,-1.5707e-05,0.00828274
0.00194645,0.182654,0.0917779,0.018535,0.00066977,-0.093269,0.0932582,-1.0757e-05,0.007901
0.00200554,0.205088,0.0911384,0.0180106,0.000620014,-0.0918418,0.0918252,-1.6605e-05,0.00838108
0.001957,0.181954,0.0861747,0.0174261,0.000620108,-0.0882704,0.0882571,-1.3334e-05,0.00861186
0.00200166,0.182408,0.0886071,0.0171632,0.00106317,-0.0937277,0.0937091,-1.8692e-05,0.00893091
0.00196361,0.18606,0.107038,0.0590476,0.00562364,-0.111458,0.111442,-1.6018e-05,0.0228382
0.0199971,0.248579,0.120448,0.0323636,0.000638023,-0.0978881,0.0978712,-1.695e-05,0.00894754
0.00192644,0.181695,0.0951896,0.0173716,0.000624204,-0.089591,0.0895745,-1.6474e-05,0.00855033
0.00198914,0.17621,0.0931241,0.0311704,0.000622536,-0.0896011,0.0895835,-1.7626e-05,0.00852231
0.00200826,0.181891,0.0888619,0.0594636,0.000757089,-0.0946024,0.0945873,-1.5168e-05,0.00836733
0.00192601,0.183221,0.0861041,0.018949,0.000629437,-0.0886519,0.088637,-1.4906e-05,0.00809645
0.0019943,0.187692,0.08689,0.0172229,0.00119363,-0.0941647,0.0941499,-1.4727e-05,0.0199248
0.0201643,0.206649,0.104565,0.0602369,0.00523435,-0.110406,0.110385,-2.044e-05,0.0201093
0.00196684,0.198336,0.0970108,0.0188382,0.000609574,-0.0930896,0.0930733,-1.6271e-05,0.00880553
0.00225653,0.181551,0.0907792,0.0173744,0.000698155,-0.0890191,0.0890057,-1.3428e-05,0.00827461
0.00196763,0.182139,0.0894028,0.0172009,0.000736313,-0.0884335,0.088425,-8.407e-06,0.00900422
0.00192708,0.179902,0.0860779,0.0175874,0.000664404,-0.0883953,0.0883828,-1.246e-05,0.0104515
0.0229162,0.207827,0.105995,0.0488089,0.000621179,-0.095091,0.0950769,-1.4124e-05,0.00852376
0.00194405,0.181969,0.0860788,0.0350785,0.0101582,-0.114103,0.114086,-1.7149e-05,0.0301255
0.01573,0.238802,0.109002,0.0603336,0.000637927,-0.0966339,0.0966174,-1.6524e-05,0.00876204
0.00203241,0.19382,0.0923794,0.0184267,0.00063162,-0.0938528,0.0938363,-1.6551e-05,0.00857424
0.00192622,0.181666,0.087875,0.0178434,0.0006307,-0.110489,0.110476,-1.3441e-05,0.0220057
0.0021592,0.187283,0.0918523,0.0187431,0.000758917,-0.093719,0.0937045,-1.455e-05,0.00850154
0.00197884,0.182549,0.0877652,0.0178608,0.000630048,-0.0901011,0.0900885,-1.2519e-05,0.00883639
0.00240337,0.188701,0.094987,0.0184905,0.000633526,-0.0932692,0.0932557,-1.3514e-05,0.0087863
0.0233605,0.212863,0.129979,0.0651723,0.00700076,-0.126381,0.126364,-1.7094e-05,0.0159206
0.00440849,0.204395,0.095534,0.0184246,0.00065229,-0.0932824,0.09327,-1.2456e-05,0.00901682
0.00213512,0.181856,0.0911114,0.0198708,0.000633493,-0.0950626,0.0950468,-1.5806e-05,0.00885076
0.00191879,0.181689,0.0906041,0.0173343,0.00062236,-0.0889899,0.0889803,-9.566e-06,0.0087039
0.00192743,0.181474,0.0869659,0.0177282,0.000626019,-0.0888687,0.0888539,-1.4818e-05,0.00861037
0.00204774,0.181662,0.0883003,0.0174503,0.000714743,-0.0894006,0.089388,-1.2611e-05,0.013809
0.0172135,0.191361,0.0907328,0.0188219,0.000791505,-0.1114,0.111387,-1.2867e-05,0.0199803
0.0238873,0.209638,0.106185,0.0739967,0.0101391,-0.129234,0.129218,-1.6192e-05,0.0203494
0.00198652,0.189871,0.0906581,0.0179943,0.00142978,-0.0903987,0.0903847,-1.4031e-05,0.00856132
0.00196981,0.182477,0.0861262,0.0173854,0.00064977,-0.0909569,0.0909438,-1.3071e-05,0.00906773
0.00205902,0.181575,0.0861444,0.0176693,0.00063711,-0.0906252,0.0906108,-1.4359e-05,0.00873049
0.00201936,0.181575,0.0897653,0.0173274,0.000730408,-0.0895237,0.0895108,-1.2897e-05,0.00878784
0.00210494,0.197251,0.0942947,0.0182237,0.000630003,-0.0982167,0.0982002,-1.651e-05,0.00903999
0.00196866,0.191748,0.131784,0.0546328,0.00321979,-0.100459,0.100441,-1.7969e-05,0.0223018
0.0281334,0.222837,0.111025,0.0242755,0.00112191,-0.105004,0.104989,-1.5286e-05,0.0249054
0.00200211,0.200418,0.0919549,0.0176445,0.00111521,-0.107543,0.107527,-1.6109e-05,0.0107951
0.00275456,0.191952,0.0910891,0.0173402,0.000623747,-0.0892773,0.089264,-1.3347e-05,0.00846499
0.00206762,0.182594,0.0889516,0.0178638,0.000805298,-0.0933113,0.0932961,-1.5159e-05,0.0084292
0.00198889,0.182972,0.0900701,0.0176075,0.000616913,-0.0902238,0.0902088,-1.4934e-05,0.00893899
0.00195967,0.182016,0.0988977,0.0201668,0.000624039,-0.0902842,0.0902697,-1.4539e-05,0.00892016
0.0250001,0.203478,0.124351,0.0780064,0.00702296,-0.103616,0.103601,-1.5263e-05,0.0201789
0.0220031,0.216293,0.0986923,0.0196102,0.000660113,-0.094475,0.094457,-1.7992e-05,0.0119559
0.00197651,0.186422,0.090664,0.0182062,0.000622394,-0.0919824,0.091969,-1.3404e-05,0.00863242
0.00201758,0.177738,0.0860928,0.0174931,0.000609472,-0.0893461,0.0893311,-1.5025e-05,0.00886991
0.0023101,0.172397,0.0860535,0.0173288,0.000786096,-0.0889854,0.0889718,-1.3631e-05,0.00885456
0.00195119,0.182115,0.0923204,0.0332643,0.00159643,-0.0975751,0.0975597,-1.5404e-05,0.00916571
0.00192812,0.181696,0.0906831,0.0174388,0.00618117,-0.09982,0.0997991,-2.0816e-05,0.021076
0.0145488,0.248721,0.12312,0.064332,0.00785545,-0.11384,0.113822,-1.8682e-05,0.0319815
0.0224657,0.231209,0.105608,0.0190147,0.000685038,-0.108524,0.10851,-1.4015e-05,0.02082
0.00256695,0.18645,0.0915418,0.0173379,0.000632119,-0.0894256,0.0894112,-1.4397e-05,0.00861616
0.00230626,0.181093,0.0902692,0.0569771,0.000632424,-0.0926018,0.0925843,-1.7513e-05,0.00938971
0.00195424,0.182071,0.0913966,0.0178964,0.000652816,-0.0979709,0.0979563,-1.4541e-05,0.00879134
0.00196948,0.181432,0.0925029,0.017242,0.000619832,-0.0891367,0.0891225,-1.4284e-05,0.00900375
0.0204033,0.23719,0.106995,0.0580133,0.0022199,-0.102716,0.102701,-1.5263e-05,0.02225
0.00451683,0.200577,0.0956215,0.0181586,0.000639776,-0.107683,0.107669,-1.4375e-05,0.0249871
0.00198072,0.183091,0.090672,0.0184313,0.000629591,-0.0943877,0.0943726,-1.5108e-05,0.00904202
0.00226626,0.181801,0.0888142,0.0172283,0.000634333,-0.0928143,0.0927995,-1.4823e-05,0.0103433
0.00224184,0.18162,0.0897666,0.0171777,0.000619255,-0.112082,0.112066,-1.5221e-05,0.00892074
0.0019467,0.18175,0.0874595,0.0179047,0.000608204,-0.0963949,0.0963788,-1.6153e-05,0.010212
0.00235794,0.181585,0.0861004,0.0196467,0.000629408,-0.109058,0.109045,-1.2436e-05,0.0213964
0.0166097,0.225842,0.130075,0.0670104,0.00226462,-0.102068,0.102053,-1.5339e-05,0.0211739
0.00197406,0.188269,0.0906299,0.0189327,0.0006706,-0.0941353,0.0941237,-1.16e-05,0.00885343
0.00210898,0.182477,0.0918305,0.0177934,0.000623166,-0.094265,0.0942492,-1.5769e-05,0.00971148
0.0190913,0.186649,0.0883947,0.0177675,0.000630413,-0.0998637,0.0998514,-1.2313e-05,0.0100693
0.00195014,0.179833,0.0865218,0.0176409,0.000713306,-0.090419,0.0904102,-8.751e-06,0.00897557
0.00192329,0.217219,0.0960879,0.0172604,0.00106719,-0.0902797,0.0902657,-1.3955e-05,0.0107352
0.00195325,0.209854,0.0899817,0.0679993,0.00958377,-0.115415,0.115396,-1.8803e-05,0.025983
0.0105279,0.221922,0.105999,0.0195405,0.000633334,-0.0943075,0.0942921,-1.5388e-05,0.00953916
0.00230863,0.185777,0.100072,0.0181455,0.000752593,-0.0921974,0.0921823,-1.5083e-05,0.00891126
0.0131103,0.186068,0.0895552,0.0286053,0.000604671,-0.095142,0.0951252,-1.6853e-05,0.0101654
0.0056638,0.188061,0.0908881,0.0209549,0.000632126,-0.0927518,0.0927346,-1.719e-05,0.0092527
0.0019444,0.183131,0.0913492,0.0173758,0.000694554,-0.090771,0.0907593,-1.1626e-05,0.00938362
0.00192953,0.181826,0.0860548,0.0171526,0.000691879,-0.0906665,0.090654,-1.2566e-05,0.00904657
0.0297389,0.225101,0.127717,0.0669888,0.00659881,-0.199815,0.199795,-1.9849e-05,0.0339827
0.0226785,0.266611,0.133192,0.0803019,0.00947661,-0.119965,0.119947,-1.8e-05,0.0138331
0.0111366,0.231104,0.115952,0.0709974,0.0131094,-0.112383,0.112341,-4.1211e-05,0.0117523
0.0279774,0.238843,0.10721,0.03537,0.00065978,-0.108695,0.108678,-1.6821e-05,0.023991
0.00198999,0.209244,0.096428,0.0185395,0.000648678,-0.113438,0.113427,-1.1151e-05,0.0337398
0.020068,0.270581,0.155995,0.102002,0.00497846,-0.13668,0.136661,-1.9004e-05,0.0218048
0.00216394,0.214094,0.100713,0.0191051,0.000628048,-0.0993911,0.0993768,-1.4315e-05,0.00990036
0.0021578,0.182354,0.0945074,0.0170455,0.000631405,-0.0897738,0.0897584,-1.5422e-05,0.00900386
0.00192144,0.209732,0.100094,0.0546862,0.00712859,-0.101905,0.10189,-1.548e-05,0.0219498
0.00205372,0.192242,0.0918677,0.0186928,0.000763254,-0.094567,0.0945582,-8.789e-06,0.00984764
0.00424908,0.181924,0.0896674,0.0669961,0.00617443,-0.103824,0.103808,-1.6702e-05,0.0295263
0.0127006,0.216819,0.106531,0.0190745,0.000710791,-0.100906,0.10089,-1.5877e-05,0.0152377
0.00318255,0.196205,0.0908012,0.019777,0.000633209,-0.0973798,0.0973661,-1.3702e-05,0.00927294
0.00222901,0.182815,0.0869002,0.0208024,0.000616184,-0.0898218,0.0898089,-1.2983e-05,0.00933759
0.0036202,0.180595,0.0862275,0.017353,0.000786215,-0.0903249,0.0903157,-9.185e-06,0.012297
0.00196046,0.195864,0.0905889,0.0172034,0.000655178,-0.113584,0.113567,-1.7001e-05,0.00966474
0.00203035,0.194764,0.0862737,0.0176634,0.000616227,-0.0902896,0.0902722,-1.7425e-05,0.00939598
0.00692837,0.204312,0.107997,0.063,0.00208857,-0.103272,0.103258,-1.4228e-05,0.0220877
0.0019804,0.201776,0.0948607,0.0179821,0.000661618,-0.0975081,0.0974922,-1.59e-05,0.0098747
0.00194247,0.178895,0.0862774,0.0191072,0.000640727,-0.0898323,0.0898196,-1.2707e-05,0.0093893
0.00196662,0.180068,0.0860743,0.0176574,0.000657421,-0.0915922,0.091577,-1.5234e-05,0.00993961
0.00195643,0.181955,0.0888008,0.0180256,0.000607209,-0.0898449,0.0898304,-1.4583e-05,0.00942119
0.00194142,0.185882,0.104812,0.0181151,0.0022438,-0.0946045,0.094591,-1.349e-05,0.00929706
0.00197443,0.189066,0.0906226,0.0187755,0.007144,-0.105476,0.105459,-1.698e-05,0.0303318
0.00652057,0.215273,0.113711,0.0636496,0.00814521,-0.106855,0.106836,-1.9202e-05,0.014482
0.00231547,0.186059,0.0907248,0.018767,0.000629977,-0.096323,0.0963084,-1.4577e-05,0.00978219
0.00198387,0.181699,0.0876409,0.0364282,0.000630706,-0.118061,0.118045,-1.5475e-05,0.0289828
0.00230098,0.187862,0.0937276,0.0182731,0.000638567,-0.0936575,0.0936423,-1.521e-05,0.00972623
0.0019733,0.181631,0.0936755,0.0179442,0.00121306,-0.0900641,0.0900521,-1.2045e-05,0.00996308
0.0019326,0.18276,0.101888,0.0182495,0.000622917,-0.111685,0.111667,-1.7983e-05,0.0199413
0.0233056,0.216964,0.125861,0.0696619,0.00818736,-0.110812,0.110795,-1.699e-05,0.0289834
0.0126666,0.243472,0.12563,0.0674755,0.00129582,-0.110901,0.110885,-1.5601e-05,0.0117857
0.0259795,0.248343,0.101492,0.0536269,0.00065001,-0.115774,0.115759,-1.5649e-05,0.0160306
0.0213259,0.239562,0.122224,0.0364302,0.00157484,-0.117695,0.117679,-1.6347e-05,0.0225063
0.00529659,0.227496,0.119281,0.0335093,0.000642904,-0.106256,0.10624,-1.5952e-05,0.0114771
0.00980325,0.344627,0.134,0.109,0.0111719,-0.124828,0.124809,-1.879e-05,0.0409895
0.00513089,0.232295,0.114746,0.0220201,0.000679702,-0.107449,0.107432,-1.7028e-05,0.0113141
0.00202379,0.189625,0.0913657,0.0180867,0.000660058,-0.0921687,0.0921533,-1.5447e-05,0.00963984
0.00196074,0.188352,0.0971803,0.0182957,0.000635952,-0.0952434,0.0952289,-1.4549e-05,0.0103541
0.0019337,0.187382,0.0906077,0.0173046,0.000684652,-0.0902209,0.0902081,-1.2786e-05,0.0100525
0.00214382,0.187537,0.0880019,0.0171495,0.000791154,-0.0931178,0.0931046,-1.3201e-05,0.00995707
0.00649326,0.204939,0.112051,0.103563,0.0146736,-0.128319,0.1283,-1.9156e-05,0.033978
0.00212684,0.216602,0.100625,0.0194298,0.00064076,-0.0958397,0.0958249,-1.4863e-05,0.0107096
0.00349946,0.187624,0.0922241,0.0181006,0.000627639,-0.094114,0.0940961,-1.7936e-05,0.00969601
0.00194933,0.180394,0.0860457,0.0171731,0.000624577,-0.0903255,0.0903097,-1.5879e-05,0.00972549
0.00199125,0.182643,0.0863745,0.0177153,0.000759055,-0.0903557,0.0903415,-1.4224e-05,0.0104489
0.00192007,0.181836,0.0879654,0.017605,0.000632507,-0.090657,0.0906439,-1.312e-05,0.0104312
0.00221082,0.191419,0.11015,0.0531738,0.00351841,-0.131976,0.131955,-2.1197e-05,0.0301631
0.0128977,0.241806,0.121047,0.0195303,0.000653216,-0.101546,0.101532,-1.4039e-05,0.0109926
0.0020711,0.183185,0.0905972,0.0179484,0.000901485,-0.0904229,0.0904099,-1.3029e-05,0.0098648
0.00220518,0.183184,0.0870672,0.0174643,0.000611298,-0.0910663,0.0910485,-1.7809e-05,0.00998548
0.00194799,0.181559,0.0861514,0.0170599,0.000625869,-0.0916448,0.0916336,-1.1219e-05,0.00998235
0.00193283,0.180939,0.0869263,0.0173083,0.000718979,-0.101553,0.101538,-1.5163e-05,0.0230009
0.00202362,0.183387,0.0901475,0.0171706,0.00066238,-0.0919905,0.0919745,-1.6025e-05,0.00991889
0.0179273,0.233068,0.112999,0.0728057,0.00230489,-0.119477,0.119462,-1.4605e-05,0.031984
0.00333629,0.198792,0.0992879,0.0184516,0.000631393,-0.0955809,0.0955625,-1.8385e-05,0.0108659
0.00195005,0.177054,0.0881001,0.0179768,0.000617939,-0.0932829,0.0932707,-1.2127e-05,0.0387173
0.00193981,0.182043,0.0964076,0.0189887,0.000628716,-0.0921511,0.0921294,-2.1734e-05,0.0102577
0.00191418,0.177635,0.0861834,0.0172187,0.000623085,-0.0909102,0.0908959,-1.4356e-05,0.0100879
0.00293761,0.172596,0.0861135,0.0185691,0.00165136,-0.0909341,0.0909217,-1.2379e-05,0.0108225
0.0148441,0.196151,0.0991322,0.066996,0.00249977,-0.101408,0.101388,-1.9125e-05,0.0301515
0.0197313,0.211606,0.0968338,0.0191485,0.00062384,-0.0956038,0.0955891,-1.4681e-05,0.0110767
0.00194311,0.194442,0.100265,0.0182157,0.000632315,-0.0947649,0.0947474,-1.7549e-05,0.0105654
0.00192229,0.17815,0.0861163,0.0173801,0.000792781,-0.0957553,0.0957414,-1.3867e-05,0.0239247
0.0019369,0.179203,0.0863733,0.017044,0.000629909,-0.0913662,0.0913508,-1.5395e-05,0.0105814
0.00197702,0.179076,0.0861509,0.01708,0.00085839,-0.0924167,0.0924019,-1.4812e-05,0.0102721
0.0019261,0.177908,0.0863327,0.0173624,0.000658705,-0.0975531,0.0975414,-1.1682e-05,0.0106364
0.0231009,0.228139,0.101116,0.0503203,0.00192447,-0.116283,0.116262,-2.1101e-05,0.0239834
0.00199041,0.187868,0.0912834,0.0182912,0.000624882,-0.0955403,0.0955272,-1.309e-05,0.0143702
0.00657838,0.194119,0.0904391,0.0174937,0.000624465,-0.0936345,0.093623,-1.1515e-05,0.0119276
0.0019219,0.184252,0.0917904,0.0173998,0.000644511,-0.0967234,0.0967015,-2.1903e-05,0.0114561
0.00201881,0.182321,0.0873396,0.0177195,0.000625369,-0.0916938,0.0916821,-1.1752e-05,0.0111039
0.00193562,0.178508,0.0863404,0.0175471,0.000626058,-0.0912449,0.0912335,-1.1409e-05,0.0190867
0.00196869,0.178167,0.0886538,0.066,0.00834814,-0.114849,0.114835,-1.3256e-05,0.0206425
0.00857669,0.237282,0.104704,0.068676,0.00066006,-0.101445,0.101428,-1.6083e-05,0.0127066
0.00205553,0.182161,0.0906483,0.0187176,0.000632124,-0.0935572,0.0935453,-1.189e-05,0.0106133
0.0019829,0.198732,0.0961173,0.0202927,0.000637805,-0.0936283,0.0936135,-1.4734e-05,0.010771
0.0157839,0.207844,0.10396,0.0454641,0.000634257,-0.0965107,0.0964954,-1.5293e-05,0.0120548
0.00195187,0.185555,0.0908266,0.017199,0.000626007,-0.0922046,0.0921924,-1.2197e-05,0.0106764
0.00192786,0.182225,0.0923679,0.0184525,0.000669018,-0.106878,0.106863,-1.5345e-05,0.0149839
0.0219302,0.213803,0.104989,0.0625162,0.00324919,-0.12031,0.12026,-4.9025e-05,0.0377632
0.00196429,0.202895,0.107266,0.033955,0.00460416,-0.109167,0.109149,-1.8292e-05,0.0215988
0.00947718,0.222123,0.113532,0.0507172,0.000658271,-0.112793,0.112777,-1.5535e-05,0.0541509
0.00982266,0.224123,0.119419,0.0380461,0.000654598,-0.137235,0.137219,-1.6595e-05,0.0278352
0.00663906,0.2428,0.108258,0.0454495,0.00534499,-0.146795,0.146779,-1.6438e-05,0.0195938
0.00540823,0.230069,0.132003,0.0510584,0.00305338,-0.119475,0.119459,-1.6023e-05,0.0390586
0.017919,0.27155,0.141996,0.0492793,0.0101605,-0.113839,0.11382,-1.9027e-05,0.0320651
0.00198799,0.199678,0.0955317,0.018321,0.000667009,-0.0965985,0.0965841,-1.4364e-05,0.0119199
0.00604043,0.192888,0.0906643,0.0182119,0.000650438,-0.0965649,0.0965527,-1.2282e-05,0.0113992
0.00885775,0.189965,0.0903217,0.0173487,0.000629815,-0.0937257,0.093711,-1.4744e-05,0.0111462
0.00202883,0.186442,0.0861904,0.0175946,0.000614062,-0.0926567,0.0926346,-2.2011e-05,0.0116327
0.0134034,0.207896,0.107016,0.0572069,0.00514215,-0.124837,0.124819,-1.7853e-05,0.0239819
0.00206673,0.19657,0.0936692,0.023173,0.000643062,-0.0970139,0.097,-1.3928e-05,0.0123313
0.00208583,0.177306,0.0860836,0.0175475,0.000616923,-0.0921032,0.0920884,-1.4801e-05,0.011838
0.00193437,0.17829,0.0860506,0.0191101,0.000623081,-0.0924075,0.0923929,-1.4672e-05,0.0120218
0.00197209,0.208976,0.089568,0.0177842,0.000612771,-0.0921823,0.0921624,-1.9859e-05,0.0121332
0.00193692,0.181728,0.101945,0.0183704,0.000662149,-0.0984243,0.0984093,-1.5036e-05,0.0125752
0.002447,0.182239,0.0958405,0.0661582,0.00184626,-0.107543,0.107527,-1.5843e-05,0.0176331
0.0206096,0.231836,0.12902,0.0572635,0.000640354,-0.101058,0.101041,-1.6309e-05,0.0128251
0.00192334,0.187652,0.0922149,0.0176178,0.000624414,-0.0925429,0.0925265,-1.6357e-05,0.0125075
0.00194436,0.180545,0.086093,0.0171891,0.000611801,-0.0930054,0.0929884,-1.7011e-05,0.0115245
0.00194195,0.184771,0.0893646,0.0171313,0.000806428,-0.0989231,0.0989083,-1.4851e-05,0.0121391
0.00192919,0.19195,0.09089,0.0174056,0.000638088,-0.0925607,0.0925451,-1.564e-05,0.0116479
0.00210587,0.193491,0.086819,0.0548976,0.000627375,-0.0926911,0.0926749,-1.6282e-05,0.0121484
0.0185288,0.202338,0.0989792,0.0629937,0.00369531,-0.123052,0.123034,-1.7887e-05,0.0267786
0.0201853,0.207248,0.0956241,0.0202746,0.000642679,-0.0976501,0.0976372,-1.2932e-05,0.0125888
0.00209798,0.181519,0.0884846,0.0176089,0.000628407,-0.0943535,0.0943428,-1.0728e-05,0.0121088
0.00658451,0.194721,0.101235,0.0182638,0.000628875,-0.0977455,0.0977283,-1.7185e-05,0.0124575
0.00195261,0.186948,0.09112,0.017414,0.000687419,-0.126219,0.126204,-1.4614e-05,0.0127044
0.00214409,0.222766,0.090728,0.018153,0.000623435,-0.0994281,0.0994124,-1.5618e-05,0.0129142
0.00692517,0.181582,0.0892604,0.0852357,0.0079983,-0.135002,0.134987,-1.484e-05,0.0379813
0.014355,0.233145,0.111909,0.0639667,0.000636915,-0.106187,0.106171,-1.515e-05,0.0132796
0.00195733,0.181822,0.0909946,0.0172919,0.000630319,-0.0931069,0.0930903,-1.6515e-05,0.0120584
0.00199585,0.178287,0.0861025,0.0177355,0.000628945,-0.0930355,0.0930206,-1.4907e-05,0.0121098
0.00209625,0.178324,0.0860839,0.0175625,0.000619514,-0.0933114,0.0932983,-1.3046e-05,0.0125855
0.00192685,0.18967,0.0926648,0.0180808,0.000604737,-0.0980386,0.0980219,-1.6737e-05,0.0123931
0.001997,0.182201,0.0906996,0.0196298,0.000614563,-0.0936233,0.0936092,-1.4106e-05,0.0128945
0.0144943,0.207542,0.125324,0.075809,0.0141685,-0.129963,0.129948,-1.4726e-05,0.0169962
0.00205455,0.190948,0.0906187,0.0182026,0.00090382,-0.0962951,0.0962822,-1.2956e-05,0.0124909
0.00195644,0.192493,0.0984334,0.0186299,0.000618677,-0.0985292,0.0985122,-1.7025e-05,0.0145033
0.00191513,0.182986,0.0909493,0.0175828,0.000616684,-0.0938093,0.0937933,-1.6033e-05,0.0132859
0.00199138,0.187386,0.0865795,0.0179857,0.000629725,-0.0936654,0.0936521,-1.3326e-05,0.0132841
0.00314888,0.183995,0.0906288,0.0205403,0.00060995,-0.0988002,0.0987841,-1.6108e-05,0.0133352
0.00247126,0.183614,0.109135,0.0730038,0.0131377,-0.12942,0.129405,-1.545e-05,0.0362452
0.0225529,0.234544,0.10231,0.0193335,0.000609381,-0.107883,0.107868,-1.5804e-05,0.014055
0.00774167,0.204489,0.171636,0.0620059,0.00416599,-0.11885,0.118834,-1.6051e-05,0.026953
