0.00194935,6.99635e-07,0.124604,0.018955,0.000617298,-0.0322483,0.0322334,0.0134951
0.00199738,6.36838e-07,0.136397,0.0176938,0.000660923,-0.0622944,0.06228,0.00571119
0.00192011,7.23886e-07,0.147424,0.0172722,0.000618154,-0.0570618,0.0570469,0.00573541
0.00209382,7.09458e-07,0.122603,0.0174799,0.00062697,-0.0583873,0.058373,0.00587849
0.00265878,7.26743e-07,0.126179,0.0189098,0.000592864,-0.0395224,0.0395067,0.00594056
0.00200926,7.49796e-07,0.150439,0.0176189,0.000620884,-0.0428957,0.0428822,0.00582137
0.00190095,9.20254e-07,0.148637,0.0174674,0.000789132,-0.0238043,0.0237892,0.00574548
0.00200801,6.51417e-07,0.0631626,0.0173171,0.000642981,-0.0301379,0.0301227,0.00577683
0.00193793,6.17022e-07,0.0688326,0.0514,0.00229161,-0.0279391,0.0279235,0.0159553
0.0116309,7.64663e-07,0.11022,0.0173299,0.000758731,-0.0321808,0.0321701,0.00766646
0.00197921,1.07928e-06,0.0705014,0.0172123,0.000617749,-0.0403455,0.0403334,0.00621938
0.00210208,5.78078e-07,0.120144,0.0178499,0.000608626,-0.0464116,0.0463972,0.00594762
0.00191123,7.64646e-07,0.127769,0.0171049,0.00061733,-0.0532246,0.0532097,0.0060088
0.00229743,9.29102e-07,0.0993957,0.0171908,0.000626115,-0.0506002,0.050585,0.00607744
0.00232594,6.64385e-07,0.0824517,0.0163844,0.000619465,-0.0463339,0.0463173,0.00609566
0.0019407,7.21435e-07,0.12008,0.0169393,0.000606772,-0.0403551,0.0403387,0.0061475
0.00195413,6.99389e-07,0.116017,0.0176272,0.000670658,-0.0544501,0.0544337,0.00761448
0.0021185,7.27743e-07,0.113245,0.01637,0.000620313,-0.0420901,0.0420747,0.00629888
0.00198895,7.66254e-07,0.120021,0.0168351,0.000627284,-0.0446121,0.0445982,0.00846633
0.00199618,7.29926e-07,0.150243,0.0212004,0.000596747,-0.0284338,0.0284115,0.00636523
0.00208254,6.88983e-07,0.0612134,0.0168387,0.000608142,-0.0205663,0.0205523,0.00629543
0.00198002,1.11925e-06,0.106149,0.0168347,0.000602915,-0.041205,0.0411945,0.00646662
0.00210831,9.01506e-07,0.0957845,0.0167069,0.00755787,-0.0599481,0.0599295,0.0142064
0.0019354,7.40595e-07,0.0719628,0.0184274,0.000625519,-0.0403541,0.0403455,0.00661283
0.00363397,7.41938e-07,0.0626015,0.0170254,0.000604106,-0.0283227,0.0283067,0.00626572
0.00191501,8.18247e-07,0.100723,0.0168815,0.000619816,-0.058492,0.0584749,0.00667315
0.01724,8.07625e-07,0.0736801,0.0171744,0.0043059,-0.0396663,0.0396545,0.00664983
0.00193779,6.42382e-07,0.0707048,0.0170785,0.000629599,-0.0491232,0.0491154,0.00670257
0.00192407,7.95188e-07,0.0752673,0.0177088,0.000632792,-0.038485,0.0384743,0.00672457
0.0019705,8.73793e-07,0.170374,0.0648815,0.000936114,-0.0383865,0.0383674,0.0365286
0.0434738,9.57652e-07,0.161901,0.0860092,0.00814139,-0.0513642,0.0513466,0.0139226
0.0170704,9.57302e-07,0.161614,0.0599586,0.0055834,-0.0333682,0.0333555,0.0279096
0.0286297,1.06013e-06,0.177447,0.0545538,0.00613356,-0.027695,0.0276774,0.0236421
0.0216258,9.77341e-07,0.131272,0.0642503,0.000893359,-0.0478703,0.0478544,0.0296586
0.0144321,7.89702e-07,0.0960451,0.0729916,0.0084447,-0.046029,0.0459858,0.0232131
0.0153946,1.52165e-06,0.14797,0.0626074,0.00388671,-0.0373458,0.0373279,0.0235876
0.00274266,1.0045e-06,0.154006,0.0592935,0.00678852,-0.039695,0.0396798,0.0201107
0.0218011,1.04911e-06,0.149941,0.103029,0.0141443,-0.0495101,0.0494963,0.0323279
0.0102693,1.25835e-06,0.140696,0.0354088,0.007688,-0.0391501,0.0391306,0.020149
0.00271829,7.73996e-07,0.080313,0.0181116,0.000691596,-0.0326777,0.0326677,0.00829357
0.00203462,6.59718e-07,0.0809447,0.0312349,0.0063441,-0.0350461,0.035032,0.0134724
0.00236519,9.48944e-07,0.0864502,0.0273464,0.000704765,-0.0249319,0.0249165,0.0144955
0.015138,7.96743e-07,0.0976679,0.080802,0.00060739,-0.0291585,0.029144,0.00807688
0.0137654,1.21903e-06,0.0901937,0.0607665,0.000638917,-0.023575,0.0235599,0.00857239
0.00210158,9.22793e-07,0.0684114,0.0185526,0.000585244,-0.0205294,0.020514,0.0075849
0.00373406,7.74315e-07,0.0870345,0.02003,0.00073409,-0.0407847,0.0407746,0.00736754
0.00362159,1.16902e-06,0.0788902,0.0175789,0.000623908,-0.0286479,0.028638,0.00729492
0.00196687,1.22293e-06,0.0614791,0.0165499,0.000620826,-0.0256333,0.0256191,0.00694459
0.00215501,6.30842e-07,0.0690569,0.0375321,0.000782302,-0.0218036,0.0217895,0.00741925
0.00982589,7.4072e-07,0.112544,0.0258892,0.000615337,-0.0459185,0.0459023,0.00730486
0.00221309,6.66105e-07,0.0690651,0.0180879,0.000645806,-0.0268794,0.0268693,0.0074295
0.00195195,7.78673e-07,0.0697334,0.0167263,0.00151901,-0.0245336,0.0245231,0.00713984
0.00387086,6.2339e-07,0.06048,0.0163574,0.000667612,-0.0246593,0.0246469,0.00720423
0.0021292,6.53835e-07,0.0895809,0.0164772,0.000608505,-0.043717,0.0437069,0.0071724
0.00217049,7.49851e-07,0.100339,0.016704,0.000619289,-0.0429564,0.0429459,0.00731518
0.00194169,7.15054e-07,0.130384,0.0165019,0.000662516,-0.0509539,0.0509399,0.00761658
0.00232892,7.26744e-07,0.103674,0.0199022,0.000620407,-0.0409763,0.0409599,0.00796018
0.0020025,7.65996e-07,0.103908,0.0248362,0.000708649,-0.0472305,0.0472163,0.00746556
0.00209506,7.58084e-07,0.111892,0.0179489,0.000998327,-0.0464905,0.0464779,0.00751843
0.00218322,8.3423e-07,0.0886506,0.0168526,0.000628145,-0.0435862,0.0435726,0.0075231
0.00194015,7.55833e-07,0.122632,0.017333,0.000617937,-0.0409405,0.0409242,0.00751413
0.00194248,7.41606e-07,0.160227,0.0174649,0.000607867,-0.045298,0.045282,0.00754935
0.00196753,6.82567e-07,0.128337,0.018289,0.000619632,-0.0487679,0.0487518,0.00753995
0.00212749,7.47904e-07,0.0989593,0.0173333,0.000611439,-0.0263658,0.0263505,0.00732863
0.00188321,7.59313e-07,0.142248,0.0173263,0.000631288,-0.0472261,0.0472118,0.00760273
0.00194463,7.65498e-07,0.139249,0.0179949,0.000615622,-0.0288167,0.0288024,0.00795544
0.00257421,7.34882e-07,0.12721,0.0171026,0.000615751,-0.0541839,0.0541686,0.00786955
0.00191271,1.01962e-06,0.0968482,0.0166463,0.000682305,-0.054021,0.0540062,0.00770957
0.00222987,7.74411e-07,0.133718,0.0168912,0.000616964,-0.054023,0.0540145,0.00772168
0.00283751,6.38187e-07,0.0673105,0.0164623,0.000610652,-0.0378715,0.0378564,0.00744144
0.00191351,6.15798e-07,0.0979149,0.0170835,0.000627202,-0.0391107,0.0390965,0.0078385
0.00497631,6.74461e-07,0.0731253,0.0169757,0.000638788,-0.023378,0.0233662,0.0074635
0.01806,8.11323e-07,0.0712105,0.0363134,0.0022266,-0.0497299,0.0497119,0.0158688
0.00194605,7.27882e-07,0.129973,0.0184078,0.00714693,-0.0350557,0.0350393,0.00820246
0.00210077,1.35358e-06,0.118248,0.0591974,0.000609784,-0.0431585,0.0431429,0.00778857
0.00204061,7.59119e-07,0.131046,0.0170199,0.000726267,-0.0496901,0.0496757,0.0109528
0.00202818,8.91479e-07,0.110727,0.0178967,0.000614532,-0.0445644,0.0445493,0.00782254
0.00193065,7.19948e-07,0.129558,0.0173326,0.000613881,-0.0453845,0.0453698,0.00798397
0.00233809,1.06403e-06,0.100095,0.0165027,0.000614875,-0.0572078,0.057195,0.00836445
0.00193854,7.70068e-07,0.101194,0.0173216,0.000618838,-0.0408366,0.0408231,0.00788274
0.0204486,8.36416e-07,0.135394,0.0177396,0.000776708,-0.0408588,0.0408448,0.00822032
0.00204351,6.75037e-07,0.0711686,0.0191506,0.000623366,-0.0379272,0.0379117,0.00898324
0.00199938,6.95282e-07,0.113903,0.017234,0.000620831,-0.0367303,0.0367153,0.00810491
0.00196005,7.34691e-07,0.115881,0.0172016,0.0006587,-0.0476083,0.0475939,0.00801462
0.00214817,8.82826e-07,0.117792,0.0237701,0.000636712,-0.0335889,0.0335753,0.00765378
0.00284938,6.39161e-07,0.071817,0.0518316,0.000624814,-0.0255517,0.0255352,0.00817551
0.00190127,6.69518e-07,0.128583,0.0174929,0.000668419,-0.0355532,0.0355386,0.0250308
0.00209869,6.24478e-07,0.0861912,0.0165348,0.00204023,-0.0387242,0.0387112,0.0166715
0.00195881,7.44835e-07,0.0919915,0.0233418,0.000625783,-0.0485889,0.0485785,0.00984329
0.00217766,7.68768e-07,0.0645427,0.0166686,0.000603587,-0.0364127,0.0363965,0.00782446
0.00195105,1.06159e-06,0.0624449,0.0163898,0.000836107,-0.0225072,0.0224975,0.00775083
0.00211836,6.69208e-07,0.073149,0.016489,0.000608262,-0.0242087,0.0241959,0.00765106
0.00194414,7.10578e-07,0.0753291,0.0163129,0.000622247,-0.035392,0.0353795,0.00807585
0.00213363,8.1859e-07,0.0930411,0.016525,0.000618833,-0.0244327,0.0244201,0.00787067
0.00207931,6.63097e-07,0.0781045,0.0177599,0.000619263,-0.0372194,0.0372092,0.0082109
0.00192521,8.94409e-07,0.114356,0.0165858,0.000622918,-0.0488364,0.0488226,0.00786869
0.00194679,8.08835e-07,0.0666009,0.0189795,0.000613166,-0.0408613,0.0408498,0.00799771
0.00204915,6.92821e-07,0.141724,0.0162926,0.000623976,-0.0348244,0.0348083,0.00806363
0.00201526,7.08236e-07,0.120774,0.0312309,0.000628022,-0.0474752,0.047459,0.00855188
0.00202391,6.3077e-07,0.132242,0.0175471,0.000654899,-0.0317262,0.0317122,0.0154873
0.00198517,6.98134e-07,0.0714028,0.0177198,0.00221855,-0.0277121,0.027705,0.0203703
0.00201329,7.90169e-07,0.0781292,0.022763,0.00062686,-0.0393656,0.0393515,0.0197861
0.00191898,6.95034e-07,0.0715793,0.0190544,0.000637202,-0.0391149,0.0391015,0.00793133
0.00191785,1.06413e-06,0.0964438,0.0164836,0.00101833,-0.0488258,0.0488115,0.00821885
0.0019238,7.45522e-07,0.121439,0.0164471,0.000625956,-0.0422488,0.0422319,0.00820842
0.00244413,7.39293e-07,0.111242,0.0165571,0.000682193,-0.0211568,0.0211454,0.0111583
0.00202444,6.66638e-07,0.125473,0.0168154,0.000615982,-0.0571738,0.0571578,0.00821149
0.00205372,6.72652e-07,0.114479,0.0253379,0.00061249,-0.0305654,0.0305569,0.00851523
0.00292553,6.89064e-07,0.0693377,0.0163931,0.000612218,-0.0398729,0.0398596,0.00817549
0.00211533,7.52174e-07,0.123912,0.0176634,0.00065896,-0.0410067,0.0409925,0.00820099
0.00196604,7.11956e-07,0.0953983,0.0239668,0.000629253,-0.0398915,0.0398774,0.0103995
0.026517,7.19013e-07,0.0898853,0.0169763,0.00061731,-0.0395163,0.0395004,0.00802555
0.00189954,8.16412e-07,0.0703348,0.0163679,0.000617081,-0.0366982,0.0366884,0.0081447
0.00189336,7.38057e-07,0.102532,0.0162094,0.000629445,-0.0272716,0.0272568,0.00834994
0.00190152,6.82697e-07,0.118863,0.0168183,0.000624049,-0.04611,0.0460945,0.0223833
0.00331743,9.4288e-07,0.143842,0.0341463,0.000627093,-0.0294788,0.029465,0.0084687
0.00795899,6.7552e-07,0.124368,0.0247248,0.000639629,-0.0530926,0.0530796,0.00833645
0.00194757,1.13188e-06,0.117677,0.0164425,0.000619355,-0.0493596,0.0493482,0.00795468
0.00191299,7.35862e-07,0.132667,0.0169306,0.000620611,-0.0533563,0.0533414,0.00848467
0.00723868,7.36543e-07,0.117213,0.0169327,0.00062015,-0.0402702,0.0402549,0.00878509
0.00198383,8.1306e-07,0.118837,0.0171162,0.000865148,-0.0549919,0.0549777,0.00838511
0.00202593,9.12891e-07,0.101197,0.0201047,0.000852771,-0.0414549,0.0414406,0.00948577
0.00363186,7.08779e-07,0.0744109,0.0180608,0.000606719,-0.0374867,0.0374721,0.00823951
0.00266456,6.87337e-07,0.0634472,0.0185547,0.000622423,-0.0309934,0.0309824,0.00919735
0.00196229,8.52979e-07,0.0652862,0.01648,0.00063721,-0.0256634,0.0256527,0.00845061
0.00210871,7.0005e-07,0.100914,0.0163846,0.00062096,-0.0451447,0.0451297,0.00828666
0.00189498,7.61921e-07,0.128115,0.0165754,0.000614166,-0.0495362,0.0495143,0.00858294
0.00222898,7.08685e-07,0.0995717,0.0293557,0.000607319,-0.0446111,0.0445959,0.0112944
0.00198385,6.62278e-07,0.0784949,0.0307712,0.000588414,-0.0346351,0.0346211,0.0105262
0.00207604,7.41935e-07,0.0955846,0.0175381,0.000641497,-0.0399557,0.0399428,0.00860334
0.00191179,5.979e-07,0.091784,0.0483013,0.000627083,-0.036541,0.0365299,0.0116395
0.00202022,6.34173e-07,0.0641936,0.0169441,0.000635773,-0.0264018,0.0263912,0.00953648
0.00211199,6.7349e-07,0.0686232,0.0168059,0.000613516,-0.0271228,0.0271073,0.00840918
0.00199434,6.55114e-07,0.0589923,0.0179384,0.000624189,-0.0374783,0.0374636,0.00876412
0.00198398,6.06746e-07,0.0891816,0.0165861,0.000637674,-0.0425659,0.0425523,0.00879515
0.00208527,7.18541e-07,0.129834,0.016474,0.00062645,-0.0400796,0.0400642,0.00870648
0.00191114,6.56087e-07,0.0797209,0.0167257,0.000621126,-0.0383734,0.0383582,0.00890626
0.00211403,5.81007e-07,0.0991056,0.0167182,0.000749835,-0.0566033,0.0565896,0.00875808
0.0019062,9.76564e-07,0.11694,0.0250119,0.000626791,-0.0334371,0.0334209,0.00881547
0.00189838,7.84202e-07,0.148855,0.0174544,0.000618378,-0.0244235,0.0244098,0.00865003
0.0156298,6.99671e-07,0.0973538,0.01641,0.000638157,-0.0222634,0.0222494,0.00866917
0.00221335,6.67412e-07,0.0935753,0.0750863,0.00861882,-0.0245029,0.0244864,0.021368
0.00191975,7.95631e-07,0.131975,0.0180528,0.000616541,-0.0500745,0.0500618,0.0183688
0.00200862,7.46485e-07,0.0960472,0.0174403,0.000631387,-0.0408652,0.0408559,0.00869008
0.00189271,8.67311e-07,0.114503,0.0163939,0.000627554,-0.0430058,0.0429937,0.00867483
0.00195366,7.15074e-07,0.126617,0.0176433,0.000616086,-0.0423275,0.0423117,0.00862468
0.00194321,8.8016e-07,0.144506,0.0166255,0.00062405,-0.0405734,0.040558,0.00878688
0.0168359,7.28891e-07,0.127621,0.0176798,0.00066653,-0.0447889,0.044774,0.00875752
0.00198181,7.85593e-07,0.12847,0.0185486,0.000630265,-0.0543839,0.0543679,0.00878779
0.0020971,7.16951e-07,0.14066,0.0167988,0.000744898,-0.0618272,0.0618126,0.00878582
0.00192765,6.59931e-07,0.138841,0.0194537,0.000642195,-0.0483072,0.0482928,0.00877901
0.00194544,8.34429e-07,0.139802,0.0172061,0.000624167,-0.0291508,0.0291356,0.0187395
0.00191043,8.24071e-07,0.146825,0.0173945,0.000624687,-0.0419393,0.0419228,0.00880694
0.00195257,7.87784e-07,0.122302,0.0177318,0.000636564,-0.0410772,0.0410628,0.00886757
0.00556067,7.74461e-07,0.126643,0.0177723,0.000627507,-0.0441418,0.0441211,0.0103867
0.0020425,7.02995e-07,0.122862,0.0189634,0.00062866,-0.0427479,0.0427313,0.00888226
0.00202599,6.76294e-07,0.102764,0.0164044,0.000658292,-0.0619901,0.0619759,0.00904796
0.0235655,5.82434e-07,0.100707,0.0162061,0.000623605,-0.0614649,0.0614486,0.0140471
0.00196284,6.80859e-07,0.0871963,0.018403,0.000636134,-0.0289465,0.0289341,0.00902241
0.00480965,7.57242e-07,0.0880588,0.0162542,0.000620601,-0.0386675,0.0386549,0.00857011
0.00202234,9.85825e-07,0.0871569,0.017827,0.000637133,-0.0371008,0.037089,0.00855879
0.00283357,7.58685e-07,0.114463,0.0163782,0.000620137,-0.0407107,0.0406957,0.00851881
0.00191801,1.19432e-06,0.126263,0.017402,0.00075631,-0.0427184,0.0427051,0.00895616
0.0019395,6.53356e-07,0.134015,0.0174608,0.000625179,-0.0340207,0.0340046,0.00918669
0.00193279,6.09817e-07,0.146186,0.017534,0.000628746,-0.0274015,0.027385,0.0095547
0.0021964,6.66384e-07,0.109862,0.0173292,0.000738499,-0.0483162,0.0483033,0.00922077
0.00201038,6.95167e-07,0.117821,0.0169585,0.000622646,-0.0368627,0.0368475,0.00878294
0.00207232,1.06702e-06,0.146444,0.0729445,0.000637236,-0.022438,0.0224237,0.00911964
0.00191843,7.65739e-07,0.0910944,0.0167938,0.000619788,-0.0395403,0.0395242,0.00930721
0.00193789,5.98935e-07,0.140882,0.0178618,0.000959176,-0.0300661,0.0300518,0.00904194
0.0020603,1.06066e-06,0.116493,0.0228502,0.00067812,-0.0393756,0.0393615,0.0090644
0.00552672,7.50882e-07,0.0992695,0.01833,0.00105528,-0.0199146,0.019901,0.00934274
0.0106759,7.31293e-07,0.0895397,0.0173826,0.000617555,-0.0547047,0.0546895,0.00914454
0.00204922,9.47933e-07,0.151558,0.0172928,0.000626588,-0.0501038,0.0500877,0.00917794
0.00210296,6.96651e-07,0.152882,0.0171417,0.000657792,-0.051043,0.0510328,0.00919458
0.00190622,7.54449e-07,0.113534,0.022163,0.000618936,-0.0536519,0.0536411,0.00972359
0.00191169,7.3491e-07,0.153459,0.0164252,0.000624091,-0.0285311,0.0285174,0.00922374
0.00201174,6.51727e-07,0.128417,0.0230782,0.00063448,-0.0278666,0.0278522,0.00971849
0.0019314,7.48831e-07,0.119925,0.0164834,0.000626539,-0.0450408,0.045027,0.00938496
0.00218869,7.02857e-07,0.118975,0.0172214,0.00227889,-0.0526672,0.0526526,0.01778
0.0143708,1.10022e-06,0.104061,0.0177223,0.000624621,-0.0506792,0.0506689,0.00926337
0.00199114,8.00584e-07,0.0714792,0.016653,0.000623665,-0.0536178,0.0536008,0.00926576
0.0022648,8.18085e-07,0.068418,0.0162288,0.000665088,-0.0314861,0.0314739,0.00916742
0.00189527,7.49265e-07,0.0774543,0.0171589,0.000620449,-0.0330206,0.0330058,0.00930517
0.00192441,6.59876e-07,0.0737436,0.0214334,0.00061626,-0.0267512,0.0267394,0.00891258
0.0019939,8.29983e-07,0.0909046,0.0166021,0.000655038,-0.0276769,0.0276667,0.00899657
0.00193489,1.10796e-06,0.106201,0.0167366,0.000691279,-0.0377952,0.037782,0.00895874
0.00201457,7.3337e-07,0.115787,0.0265421,0.000626382,-0.044714,0.044698,0.00950688
0.00198469,6.67665e-07,0.14178,0.0176557,0.000729413,-0.025936,0.0259216,0.00942808
0.00191445,7.15877e-07,0.14132,0.0165321,0.000622646,-0.0425879,0.0425715,0.00943625
0.00227943,1.09268e-06,0.0757351,0.0162907,0.000629305,-0.0403284,0.0403136,0.00961913
0.0022453,1.30558e-06,0.0913242,0.0206685,0.000625696,-0.0480473,0.0480319,0.00967535
0.00192033,1.09539e-06,0.1522,0.0175802,0.000628863,-0.0362156,0.0361999,0.00948967
0.0141115,6.86109e-07,0.102935,0.0203887,0.00546061,-0.0365698,0.0365557,0.00991605
0.00192343,6.65399e-07,0.130462,0.0177635,0.000622974,-0.0461847,0.0461697,0.00980683
0.00197133,6.35958e-07,0.0868992,0.0386992,0.000612196,-0.0398707,0.0398561,0.00980609
0.00639356,7.94795e-07,0.090232,0.0170219,0.000625519,-0.0431146,0.0431002,0.0106757
0.00200599,8.1893e-07,0.122309,0.0169695,0.000640019,-0.0329618,0.0329472,0.00966263
0.0018881,9.05614e-07,0.0886533,0.0221452,0.000622346,-0.032755,0.032739,0.0098062
0.00215905,5.68587e-07,0.118538,0.016755,0.000619815,-0.0418253,0.0418097,0.00974887
0.00224868,7.5698e-07,0.0768022,0.0167212,0.000640349,-0.0463291,0.0463155,0.00983094
0.00230534,6.39479e-07,0.106687,0.0165198,0.000619029,-0.0562228,0.056206,0.0151223
0.00197295,7.33271e-07,0.1501,0.0173678,0.000614545,-0.043307,0.0432933,0.0196447
0.00220023,7.31983e-07,0.0971714,0.0162632,0.000621543,-0.0258746,0.0258636,0.0255651
0.0187877,7.11372e-07,0.0648584,0.0175367,0.00065711,-0.0391916,0.0391808,0.0120226
0.00194583,7.45147e-07,0.111072,0.0189671,0.000613431,-0.0596351,0.0596227,0.0172921
0.0262341,8.10287e-07,0.0877169,0.0849962,0.00227862,-0.0355215,0.0355042,0.0192465
0.00203815,8.26602e-07,0.1058,0.0172941,0.000632757,-0.040998,0.0409873,0.00997139
0.00188344,5.9517e-07,0.079956,0.0165431,0.000649415,-0.0401794,0.0401693,0.00954629
0.00208227,6.42761e-07,0.110239,0.0171179,0.000616762,-0.042497,0.0424868,0.0116078
0.00197591,6.96074e-07,0.0995103,0.0167489,0.00061791,-0.036769,0.0367557,0.00974473
0.00189782,6.44211e-07,0.0963202,0.0170305,0.000629036,-0.0318947,0.0318855,0.0101059
0.00188851,7.10546e-07,0.109802,0.0173316,0.000621182,-0.0381201,0.0381043,0.0251331
0.00283777,7.7828e-07,0.128314,0.01736,0.000795918,-0.0432568,0.0432424,0.0101045
0.00194561,1.30171e-06,0.10263,0.017674,0.000674333,-0.0291577,0.0291439,0.00966191
0.00194561,8.23164e-07,0.103093,0.0172324,0.000663796,-0.0400519,0.040038,0.017459
0.00190923,6.52579e-07,0.0986902,0.0171037,0.000629131,-0.0406584,0.0406455,0.0102385
0.00192639,8.23399e-07,0.116409,0.0227563,0.000629409,-0.0450049,0.0449944,0.0102511
0.00209735,6.63329e-07,0.072681,0.0362555,0.000619514,-0.0398042,0.0397873,0.0118439
0.00434801,1.00232e-06,0.0963426,0.0178036,0.000678615,-0.0382924,0.0382779,0.0103731
0.00211131,7.79259e-07,0.0787254,0.0169347,0.00494042,-0.038916,0.0389034,0.0189384
0.0441401,8.2415e-07,0.243374,0.075002,0.00173893,-0.0397944,0.0397774,0.0195336
0.00224255,6.45625e-07,0.068599,0.0172392,0.000623536,-0.0241349,0.0241219,0.0104741
0.00200839,1.01396e-06,0.108286,0.017,0.000628892,-0.052718,0.0527013,0.0104322
0.00190293,6.71012e-07,0.0875985,0.0170388,0.00724117,-0.0549159,0.0546189,0.0104575
0.00226586,6.61215e-07,0.111866,0.0167428,0.000605271,-0.0516003,0.0515846,0.0100982
0.00749892,7.40104e-07,0.0795064,0.0168628,0.000622404,-0.0412968,0.041285,0.0109592
0.00203714,7.25942e-07,0.115803,0.0165009,0.000661847,-0.0336639,0.0336552,0.0116079
0.00205114,6.73324e-07,0.064875,0.0163613,0.000657405,-0.0395,0.0394876,0.0100975
0.00226013,6.63933e-07,0.0613831,0.0255512,0.000605026,-0.0273184,0.0273035,0.0185441
0.0019196,6.36798e-07,0.0713282,0.0163991,0.000612802,-0.0406886,0.0406733,0.0104837
0.0216664,1.12933e-06,0.118553,0.0189463,0.003236,-0.0278421,0.0278304,0.0135495
0.00197046,6.54667e-07,0.0978306,0.0189542,0.000623819,-0.0410549,0.041041,0.0107793
0.00200689,6.27383e-07,0.0601871,0.0164887,0.000620767,-0.0221501,0.0221347,0.0104675
0.00191854,1.00948e-06,0.126381,0.0166961,0.000623545,-0.0367932,0.0367787,0.0331562
0.0021111,6.55712e-07,0.0611258,0.0164131,0.000833879,-0.0251324,0.0251172,0.0108529
0.00288378,6.34689e-07,0.096787,0.0310212,0.000620029,-0.0492854,0.0492714,0.0113911
0.0137508,6.64017e-07,0.138394,0.0176251,0.000618656,-0.0491752,0.049161,0.0110534
0.0075037,7.97004e-07,0.124034,0.0167467,0.000624879,-0.0284055,0.0283915,0.0145807
0.00200256,9.83413e-07,0.130048,0.0164589,0.000617318,-0.0416049,0.041589,0.0109259
0.00196767,7.48849e-07,0.137967,0.0165479,0.00312131,-0.047703,0.0476888,0.0110501
0.00198803,6.57811e-07,0.142878,0.0171366,0.000619193,-0.0576392,0.0576225,0.0109721
0.00348914,7.08587e-07,0.134599,0.0172983,0.000693712,-0.0404918,0.0404769,0.0114197
0.00364031,7.21795e-07,0.0994009,0.0166832,0.000630224,-0.0276358,0.0276241,0.0121089
0.00191597,6.42622e-07,0.127601,0.0170939,0.00721736,-0.0527205,0.0527084,0.0116269
0.00196569,5.86523e-07,0.0789646,0.0163548,0.00874127,-0.0286886,0.0267556,0.0138805
0.00457041,7.20247e-07,0.118193,0.0173896,0.000639793,-0.0544595,0.0544455,0.0140762
0.00750434,9.29713e-07,0.0864583,0.0170042,0.00118744,-0.0478976,0.0478835,0.0111561
0.0218893,7.28927e-07,0.125838,0.0174207,0.00066441,-0.0381835,0.0381689,0.0115417
0.0019376,6.43273e-07,0.0916054,0.0164991,0.000622495,-0.0414241,0.0414078,0.0115585
0.00196176,6.44261e-07,0.0727473,0.0164575,0.000622063,-0.0225225,0.0225079,0.0112737
0.00189691,8.78721e-07,0.061426,0.0166537,0.000659437,-0.0239954,0.0239827,0.0118915
0.00227064,6.45697e-07,0.0677011,0.016728,0.000623428,-0.0391465,0.0391322,0.0116367
0.00210558,7.51939e-07,0.0695016,0.0165709,0.000645724,-0.0503699,0.0503577,0.0113983
0.00192144,7.66632e-07,0.147232,0.0170489,0.000624784,-0.0259526,0.0259378,0.0114198
0.00209957,7.49793e-07,0.133971,0.0518366,0.00714862,-0.0345924,0.0345744,0.0142661
0.00201358,5.82504e-07,0.0994547,0.0170081,0.000630322,-0.0437431,0.0437292,0.0122771
0.00193976,7.43213e-07,0.146841,0.0189617,0.000612232,-0.0475963,0.0475818,0.0117071
0.00291122,7.44651e-07,0.138511,0.0263512,0.000618507,-0.0540212,0.0540056,0.011896
0.00236366,7.73523e-07,0.0923657,0.0170343,0.00277842,-0.0386699,0.0386561,0.0129122
0.00205956,6.58539e-07,0.104288,0.0163443,0.000709843,-0.0415107,0.041497,0.0113975
0.0018889,7.90322e-07,0.115252,0.0169657,0.000628534,-0.0435503,0.043536,0.0120642
0.00189383,7.60738e-07,0.120223,0.0170581,0.000662526,-0.040762,0.0407479,0.017205
0.00219971,7.77144e-07,0.0781353,0.0164233,0.000609153,-0.0333632,0.0333477,0.0121979
0.0022725,7.50306e-07,0.0642695,0.018024,0.000615135,-0.0205236,0.0205092,0.0117481
0.00228311,6.95181e-07,0.0814149,0.0183327,0.000621629,-0.0438381,0.0438224,0.0121481
0.00221466,7.81588e-07,0.104718,0.0231937,0.000619587,-0.0410254,0.04101,0.0128575
0.00213216,7.23691e-07,0.0929539,0.0168292,0.000691728,-0.0421239,0.0421087,0.0113345
0.00196954,9.45631e-07,0.131594,0.0191263,0.000971733,-0.0626807,0.0626681,0.0119455
0.00199069,6.90741e-07,0.0702799,0.0165642,0.000628155,-0.0402164,0.0402028,0.0121323
0.00194019,6.80539e-07,0.0653361,0.0163547,0.000613382,-0.0232097,0.0231968,0.0119384
0.00192773,6.98709e-07,0.0886464,0.0195018,0.000620286,-0.0417133,0.0416978,0.0120684
0.0023637,7.32404e-07,0.146235,0.0568751,0.00789135,-0.0355941,0.0355796,0.0343017
0.0208236,7.41595e-07,0.0851118,0.0178052,0.000619535,-0.0280431,0.0280292,0.0133011
0.0025464,5.85514e-07,0.0689752,0.0210036,0.000611235,-0.0224436,0.0224268,0.0128487
0.00225266,5.24703e-06,0.0810203,0.0445386,0.000652694,-0.0282826,0.0282692,0.0125012
0.00189547,7.32168e-07,0.0729141,0.0171799,0.000615487,-0.0421794,0.0421693,0.0121836
0.00397243,7.54954e-07,0.0859984,0.0235001,0.000653355,-0.0232806,0.0232667,0.0123041
0.00213068,7.26747e-07,0.123181,0.0169963,0.000622113,-0.0425471,0.0425314,0.0124106
0.0019322,9.46345e-07,0.120026,0.0171056,0.000622761,-0.0283378,0.0283224,0.0124428
0.00207267,7.61952e-07,0.143977,0.0171974,0.000629727,-0.0472328,0.0472168,0.0124481
0.00195626,6.86117e-07,0.124733,0.0166762,0.000626104,-0.0528197,0.0528048,0.0125196
0.00211532,9.80692e-07,0.130804,0.016775,0.000753958,-0.025784,0.0257699,0.0125065
0.00230203,8.16396e-07,0.098826,0.0162699,0.000837613,-0.0352544,0.0352389,0.0133771
0.00192254,6.97376e-07,0.118827,0.0581578,0.00225607,-0.0363425,0.0363267,0.0239861
0.00195899,7.7236e-07,0.066349,0.017195,0.000619291,-0.0374341,0.0374178,0.0127169
0.0263528,1.03139e-06,0.103783,0.017246,0.000618832,-0.0448619,0.0448484,0.0126727
0.00190801,7.43026e-07,0.0809472,0.0175404,0.000609096,-0.0446599,0.0446437,0.0127389
0.00190867,7.13733e-07,0.123621,0.0169157,0.00065402,-0.0570031,0.0569845,0.0127871
0.00220728,7.47253e-07,0.082302,0.0310657,0.00814767,-0.0388408,0.0388275,0.0167395
0.00571814,7.31605e-07,0.0866997,0.0224341,0.000634027,-0.0240045,0.0239909,0.0130775
0.00198177,6.89849e-07,0.10346,0.0212644,0.000626777,-0.0377489,0.0377341,0.0129144
0.00198203,1.05757e-06,0.0836819,0.0233871,0.000622343,-0.0317551,0.0317437,0.0129533
0.00204485,1.16358e-06,0.0685277,0.0215663,0.000602498,-0.0475155,0.0475005,0.0123648
0.00192985,6.87419e-07,0.0699914,0.0177169,0.000619523,-0.0444561,0.0444466,0.013034
0.0019848,7.47397e-07,0.103615,0.0229697,0.000616407,-0.0401925,0.0401792,0.012477
0.00189032,7.41568e-07,0.0987269,0.0162825,0.00060932,-0.0424341,0.0424202,0.0129665
0.02,7.59496e-07,0.131905,0.0174299,0.000874142,-0.0410463,0.0410347,0.0219327
0.00212133,7.01672e-07,0.123517,0.0174338,0.00332521,-0.0338537,0.0338406,0.0132636
0.00192568,7.51334e-07,0.107747,0.0168586,0.000624793,-0.0585414,0.0585247,0.0339596
0.00216291,6.26641e-07,0.100297,0.0168505,0.000606895,-0.0500152,0.049992,0.0131404
0.0021576,7.82742e-07,0.118469,0.0223775,0.000629867,-0.0591132,0.0590979,0.0138073
0.00199853,6.45292e-07,0.0627824,0.0167483,0.000603646,-0.0230817,0.0230681,0.0141836
0.00226345,7.28656e-07,0.0935773,0.0164989,0.000622698,-0.036693,0.0366829,0.0133429
0.0019588,8.24954e-07,0.131843,0.02343,0.000672626,-0.0276688,0.0276559,0.0132776
0.00190377,1.28307e-06,0.131027,0.0168662,0.000628942,-0.0517596,0.0517456,0.0135488
0.00203234,6.51182e-07,0.0664758,0.0180056,0.000611131,-0.0258158,0.0258013,0.0130109
0.00204383,7.03211e-07,0.0965333,0.0180615,0.000632199,-0.0446417,0.0446264,0.0137013
0.00225428,6.69178e-07,0.104793,0.0601891,0.000685603,-0.043673,0.0436587,0.0137926
0.00197294,6.9052e-07,0.0650701,0.01653,0.000674324,-0.0308065,0.0307942,0.0133109
0.0153914,7.61894e-07,0.0667733,0.0181276,0.000625636,-0.0309661,0.030951,0.0227816
0.00528229,1.15832e-06,0.10247,0.0181065,0.000654996,-0.0424137,0.0424043,0.0144711
0.0223722,1.18694e-06,0.131693,0.0176266,0.000670858,-0.0416597,0.0416499,0.0159143
0.00193708,7.74754e-07,0.142506,0.04738,0.00623013,-0.0355829,0.0355698,0.0141874
0.0020121,7.75255e-07,0.0801012,0.0184334,0.000614459,-0.0601659,0.0601512,0.0143825
0.00207378,6.49913e-07,0.123975,0.0167198,0.000616438,-0.0630372,0.0630245,0.0140819
0.00228517,6.76182e-07,0.123771,0.0175098,0.000726488,-0.0392421,0.0392346,0.0141578
0.00228474,6.78335e-07,0.12742,0.0171402,0.000622751,-0.0447805,0.0447665,0.0149902
0.0199657,7.48497e-07,0.133435,0.020472,0.000672103,-0.0438908,0.0438769,0.0142546
0.00202159,7.76135e-07,0.0838652,0.0171579,0.000646139,-0.0291104,0.0290961,0.0146593
0.00193157,7.37576e-07,0.132599,0.0200895,0.000627503,-0.0369213,0.0369071,0.0143682
0.00198614,6.76011e-07,0.149844,0.0172502,0.000625603,-0.0396916,0.0396748,0.0143988
0.00191245,7.04954e-07,0.132816,0.0173461,0.000718624,-0.0428393,0.0428263,0.0159768
0.00190781,6.11967e-07,0.0875516,0.0167178,0.000621113,-0.0607403,0.0607239,0.0151145
0.0021356,6.11502e-07,0.0965321,0.029953,0.000608434,-0.0621327,0.0621173,0.0146156
0.0164341,1.10385e-06,0.15182,0.058705,0.000967402,-0.0275167,0.0274985,0.0148682
0.00193263,6.95142e-07,0.107225,0.0171918,0.000749893,-0.0384271,0.0384124,0.0196212
0.00216486,7.0642e-07,0.135102,0.0175939,0.000652623,-0.0429462,0.042938,0.0171681
0.00222996,7.24888e-07,0.109202,0.0203486,0.000623945,-0.0367686,0.0367595,0.00645579
0.00219111,1.32834e-06,0.126039,0.0180375,0.000785243,-0.0566304,0.0566159,0.00585782
0.00219841,1.01398e-06,0.101005,0.0176964,0.000633367,-0.0297745,0.0297646,0.00643698
0.00264579,9.13898e-07,0.116237,0.0174073,0.00062314,-0.0367705,0.0367541,0.0261153
0.00216048,8.06541e-07,0.112337,0.020275,0.000627043,-0.039294,0.0392854,0.0167492
0.00203441,7.90963e-07,0.107999,0.0200285,0.00066997,-0.0456437,0.0456293,0.00726376
0.00270734,8.02057e-07,0.143003,0.0543451,0.00789604,-0.0447542,0.0447368,0.0183088
0.00200919,7.64594e-07,0.10361,0.0206093,0.000669207,-0.03973,0.0397153,0.0070775
0.00193754,7.78686e-07,0.125924,0.017663,0.000621884,-0.0403901,0.0403738,0.00588286
0.0019404,7.97581e-07,0.129829,0.0210856,0.000977623,-0.0499997,0.0499876,0.00799719
0.0032052,1.00556e-06,0.139204,0.024965,0.000645892,-0.0440387,0.0440248,0.00599377
0.00209333,8.01258e-07,0.108125,0.0178876,0.000659811,-0.0370653,0.0370508,0.0059451
0.00224266,6.84809e-07,0.116192,0.0173386,0.00062992,-0.0394445,0.0394294,0.00866669
0.00229702,9.11057e-07,0.129489,0.021991,0.000631996,-0.0442186,0.0442029,0.00632205
0.00200583,7.89776e-07,0.136523,0.0172792,0.00291505,-0.0488065,0.048791,0.0142371
0.00204716,7.18281e-07,0.119489,0.0499989,0.000617159,-0.0427294,0.0427135,0.00615034
0.0020062,8.84898e-07,0.0667252,0.0211116,0.000692468,-0.0401489,0.0401351,0.00657957
0.00223168,1.3692e-06,0.0762694,0.0165448,0.0012481,-0.0506027,0.050589,0.0063431
0.00220461,7.23682e-07,0.0831325,0.0166729,0.000655953,-0.0314842,0.0314718,0.00646837
0.0181385,9.94314e-07,0.0912038,0.0173498,0.000626229,-0.0536428,0.0536273,0.00638509
0.0089528,7.60928e-07,0.159811,0.01731,0.000643865,-0.0559478,0.0559314,0.00653661
0.0216294,7.96904e-07,0.106793,0.0257855,0.000618622,-0.0377769,0.037764,0.00650792
0.002176,7.68652e-07,0.0655432,0.016681,0.00108337,-0.0353435,0.0353329,0.00624778
0.00239699,9.37388e-07,0.0666367,0.0186866,0.0109563,-0.0330142,0.0329949,0.010065
0.0019699,8.79616e-07,0.0970882,0.0660029,0.000627442,-0.0295081,0.0294902,0.00975607
0.00219146,7.42345e-07,0.0822694,0.0179508,0.000651621,-0.0260914,0.0260789,0.00701796
0.00191463,7.30596e-07,0.111814,0.017751,0.000626914,-0.0537958,0.0537861,0.00666137
0.001934,7.94248e-07,0.0698589,0.0181916,0.000621407,-0.0205669,0.0205556,0.00677353
0.00190805,1.24039e-06,0.0733194,0.0168528,0.000631537,-0.0499317,0.0499172,0.00700865
0.00192697,9.91707e-07,0.0960335,0.0174595,0.00070513,-0.0399973,0.0399855,0.00674804
0.00199806,8.67708e-07,0.117286,0.0263332,0.000687508,-0.0536028,0.0535882,0.00742587
0.00190981,9.36719e-07,0.069294,0.0202984,0.000624569,-0.0490685,0.0490521,0.00679877
0.00212541,8.13982e-07,0.0837049,0.01648,0.00101521,-0.0458872,0.0458737,0.017458
0.00192589,7.77179e-07,0.0991092,0.0170207,0.000644944,-0.0610894,0.0610743,0.00687165
0.00197398,7.9487e-07,0.12791,0.0167567,0.000623222,-0.0577991,0.0577873,0.00694415
0.00194795,7.1864e-07,0.129834,0.017411,0.000629686,-0.0445692,0.04456,0.007684
0.00189949,7.73758e-07,0.139182,0.0175673,0.0018935,-0.0455006,0.0454883,0.00719818
0.00197409,7.25246e-07,0.131694,0.0207616,0.000666338,-0.0335116,0.0335003,0.00701801
0.00215593,6.74204e-07,0.147624,0.0179126,0.000688042,-0.0421936,0.0421796,0.00711658
0.00455317,8.29483e-07,0.0724577,0.0165829,0.000722003,-0.0349722,0.0349585,0.00707284
0.0019867,8.97604e-07,0.100579,0.0169825,0.000657653,-0.0476834,0.0476669,0.00766274
0.0020992,7.99862e-07,0.107082,0.0172115,0.000628299,-0.0459793,0.0459632,0.00713567
0.00205305,7.67841e-07,0.103851,0.0343742,0.000670755,-0.0513414,0.051327,0.00715785
0.00196662,1.04633e-06,0.128579,0.0232276,0.000629889,-0.0470104,0.046994,0.00755451
0.00197368,1.18199e-06,0.0954388,0.0171741,0.000611897,-0.0497686,0.0497535,0.00743856
0.00194413,7.40195e-07,0.0834147,0.0171355,0.000623276,-0.0401959,0.0401805,0.0138022
0.00208304,7.76053e-07,0.072161,0.017923,0.000627428,-0.0516548,0.0516342,0.0447996
0.00190125,8.32329e-07,0.0863529,0.0289661,0.00412916,-0.0420723,0.0420616,0.0187825
0.00195413,7.76026e-07,0.10525,0.0165164,0.000619396,-0.0429593,0.0429488,0.00699232
0.00222831,8.98196e-07,0.082886,0.0170739,0.000726913,-0.0345892,0.0345765,0.00747651
0.00193432,8.0888e-07,0.0989282,0.0168167,0.000620346,-0.0426862,0.0426792,0.00698383
0.00242013,1.17808e-06,0.110001,0.0175326,0.000623889,-0.0411139,0.0410976,0.00727518
0.00193775,8.42097e-07,0.110824,0.0166258,0.000846798,-0.0332941,0.0332811,0.00728564
0.00198746,8.62268e-07,0.120556,0.0169182,0.00835685,-0.0249068,0.0248921,0.017037
0.00227213,8.02221e-07,0.104543,0.0171647,0.000600607,-0.0441879,0.0441724,0.0163428
0.0256793,8.78422e-07,0.137343,0.0178765,0.000634727,-0.0533298,0.053318,0.00771747
0.00191027,7.70233e-07,0.156901,0.017347,0.000622734,-0.056353,0.056336,0.0073706
0.0212672,8.2763e-07,0.146936,0.0182451,0.000629006,-0.0403931,0.040379,0.00751531
0.00215324,7.10201e-07,0.122349,0.0172924,0.00501909,-0.0356181,0.0356002,0.0124688
0.00189766,7.68262e-07,0.115374,0.0166661,0.000714519,-0.0487695,0.0487612,0.00751494
0.0185941,7.41006e-07,0.11358,0.0191752,0.000625307,-0.038326,0.0383153,0.00722038
0.00192661,8.48157e-07,0.0993667,0.0211327,0.000621188,-0.0230411,0.0230258,0.0072177
0.00217203,8.69792e-07,0.0665244,0.0166782,0.000619195,-0.0261804,0.026164,0.00721755
0.00191752,1.01035e-06,0.128566,0.0193297,0.000624684,-0.0515916,0.0515762,0.00757966
0.0022095,8.76762e-07,0.107208,0.0163297,0.000622806,-0.0344475,0.0344309,0.00761747
0.00196856,8.80627e-07,0.0917311,0.0165729,0.000637355,-0.0467915,0.0467782,0.00762092
0.00220363,8.15932e-07,0.143086,0.0294206,0.00611691,-0.0259585,0.0259445,0.0139035
0.00386786,8.42984e-07,0.117796,0.0842986,0.000636135,-0.0456614,0.0456443,0.0170487
0.00192217,9.54101e-07,0.0817836,0.0196784,0.000606233,-0.049396,0.0493806,0.00776057
0.0019452,6.75655e-07,0.111363,0.0177347,0.000651287,-0.034531,0.0345171,0.00760381
0.00212325,7.66122e-07,0.0925011,0.0170447,0.000625791,-0.0393978,0.0393823,0.00759436
0.00190061,8.8903e-07,0.107725,0.0205798,0.000650167,-0.033741,0.0337269,0.0211863
0.0195537,9.29269e-07,0.10209,0.0690011,0.000626015,-0.0353319,0.035316,0.00792994
0.00208986,7.16886e-07,0.128171,0.0179945,0.000640051,-0.0547986,0.0547845,0.00764643
0.00373256,7.46649e-07,0.0762559,0.0172482,0.000651546,-0.0424098,0.0423993,0.0073734
0.00233255,7.18148e-07,0.103867,0.0313003,0.000637264,-0.0395113,0.0394959,0.0079795
0.00199478,7.34089e-07,0.122631,0.017156,0.000607557,-0.044839,0.0448267,0.00773295
0.00201966,7.87745e-07,0.125337,0.0185055,0.000630302,-0.0401887,0.0401728,0.00787199
0.00226453,8.70544e-07,0.120903,0.02948,0.000621083,-0.048301,0.0482885,0.00793188
0.0247463,8.73278e-07,0.11512,0.0183706,0.000926973,-0.0538919,0.0538788,0.0078938
0.00194801,8.83141e-07,0.122083,0.0172825,0.000625467,-0.0397575,0.0397407,0.00783805
0.00229732,8.34358e-07,0.110246,0.0178501,0.000770766,-0.0366489,0.0366396,0.00785544
0.00187372,7.05833e-07,0.0863901,0.0162017,0.000607442,-0.0424865,0.0424758,0.00806894
0.00220041,7.75248e-07,0.0664127,0.0164606,0.000712214,-0.050388,0.0503762,0.0076247
0.00211067,8.05474e-07,0.145756,0.0178902,0.00599943,-0.052294,0.0522777,0.0276978
0.00214873,1.1957e-06,0.113922,0.0174028,0.000992228,-0.0472494,0.047235,0.00785885
0.00197161,1.01874e-06,0.115615,0.0167872,0.00062895,-0.0433147,0.0432992,0.00798966
0.0019478,6.31532e-07,0.0901661,0.0164196,0.000630208,-0.0442869,0.0442735,0.00754476
0.00188572,7.15166e-07,0.123162,0.0169498,0.000625194,-0.0428987,0.0428829,0.00790089
0.00220853,7.16809e-07,0.119207,0.017106,0.000671805,-0.0606688,0.0606549,0.00793145
0.0021623,1.13994e-06,0.110741,0.0233444,0.00146654,-0.0533953,0.0533806,0.00795616
0.00196702,7.85512e-07,0.0986064,0.0173024,0.00064351,-0.0337359,0.0337214,0.00808409
0.0024722,9.04312e-07,0.116082,0.0413616,0.000626517,-0.0496911,0.0496773,0.00801483
0.00229769,7.46067e-07,0.158284,0.0189587,0.000632511,-0.0619036,0.0618966,0.00802322
0.00195236,7.62912e-07,0.116178,0.018544,0.000635078,-0.0571195,0.0571075,0.00800588
0.00212904,9.01123e-07,0.124416,0.0175513,0.000708495,-0.0431996,0.0431913,0.00806535
0.0021693,8.06053e-07,0.0950069,0.0164911,0.00122087,-0.0551261,0.0551172,0.0081005
0.00205789,7.95645e-07,0.120603,0.040039,0.000769172,-0.0474282,0.0474128,0.00806074
0.00191806,7.39384e-07,0.152946,0.0209247,0.000609018,-0.0421649,0.0421521,0.00803924
0.00210335,7.40377e-07,0.1127,0.0168473,0.000629598,-0.0587537,0.058737,0.00818784
0.0133145,8.04842e-07,0.121166,0.0307492,0.00273994,-0.0590412,0.0590271,0.0245492
0.00589742,8.9712e-07,0.107945,0.0190689,0.000640913,-0.0363567,0.0363434,0.00853036
0.00190855,7.41409e-07,0.0873381,0.0184802,0.000623084,-0.049712,0.0497016,0.00913518
0.00189307,7.93612e-07,0.126699,0.0174313,0.000618775,-0.0580195,0.0580038,0.00824146
0.00192774,7.87104e-07,0.072664,0.0199826,0.000664295,-0.0316985,0.0316844,0.00816868
0.00195303,7.17512e-07,0.127225,0.0175478,0.000637503,-0.0606943,0.0606789,0.00857711
0.00234596,6.97787e-07,0.123037,0.017386,0.000627858,-0.0417463,0.0417297,0.0105579
0.00206911,9.86134e-07,0.0971406,0.0178796,0.000614702,-0.0407998,0.0407865,0.00824468
0.0136348,7.44756e-07,0.0952199,0.0168211,0.00715612,-0.0354745,0.0354535,0.0133521
0.00199887,8.21843e-07,0.113335,0.016822,0.00814791,-0.0404336,0.0404161,0.0107262
0.00198678,7.8385e-07,0.132391,0.017185,0.000737285,-0.0578323,0.0578175,0.0107841
0.00229877,9.70465e-07,0.13753,0.0251182,0.000628,-0.0310235,0.031008,0.0128883
0.00200767,7.42045e-07,0.0981869,0.0185954,0.000625472,-0.0347278,0.0347145,0.0082081
0.00199044,8.53635e-07,0.125884,0.0169686,0.000629603,-0.0590971,0.0590866,0.00864818
0.00311783,8.93888e-07,0.136275,0.0171015,0.000702886,-0.0447211,0.0447093,0.00833423
0.00191637,1.0478e-06,0.113739,0.0175947,0.000631516,-0.0505022,0.0504861,0.00845157
0.00190911,7.40398e-07,0.106827,0.0557536,0.000625122,-0.0415387,0.0415234,0.00830462
0.00192755,9.10373e-07,0.107185,0.0210274,0.0006397,-0.0286808,0.028666,0.00854833
0.00216731,7.61825e-07,0.175884,0.0173533,0.000628321,-0.0574302,0.0574163,0.00891228
0.00232609,7.51858e-07,0.140112,0.0177723,0.000620672,-0.0607204,0.0607059,0.0138639
0.00205735,1.0096e-06,0.111924,0.0168854,0.000631619,-0.0571692,0.057156,0.00847694
0.00210543,7.62744e-07,0.10747,0.0209825,0.000624075,-0.0623792,0.0623628,0.00851145
0.0027669,7.07761e-07,0.0657484,0.0176911,0.000631572,-0.0409343,0.040921,0.0084239
0.00202345,7.66061e-07,0.0838437,0.017195,0.000666599,-0.0441375,0.0441294,0.00845472
0.00232686,8.11333e-07,0.0979446,0.0230966,0.000631206,-0.0460351,0.0460172,0.00851187
0.00210695,7.81113e-07,0.136524,0.017891,0.000628091,-0.0610671,0.0610511,0.00861286
0.00188647,7.29031e-07,0.110721,0.016428,0.000641877,-0.0468972,0.0468831,0.00801797
0.0019736,8.5999e-07,0.104966,0.0166421,0.000618396,-0.0283261,0.0283102,0.00844381
0.00194674,6.78186e-07,0.0642903,0.0166241,0.000659407,-0.0228491,0.022836,0.00864061
0.00190391,8.62936e-07,0.111244,0.0165472,0.000622636,-0.0226728,0.022657,0.00846074
0.0186463,8.53216e-07,0.12116,0.016494,0.00529281,-0.0383568,0.0383432,0.00914462
0.00222177,8.6282e-07,0.114315,0.01854,0.000633494,-0.0529018,0.0528869,0.00853628
0.00190876,8.039e-07,0.0860376,0.0164691,0.000624421,-0.0384168,0.0384017,0.00892443
0.00195363,7.66095e-07,0.0802578,0.016556,0.000628456,-0.0502313,0.0502156,0.0257185
0.00197464,7.52117e-07,0.0767247,0.0187683,0.000698646,-0.0544901,0.0544751,0.00850677
0.0134889,8.60588e-07,0.0748747,0.0580011,0.00417758,-0.0251947,0.0251805,0.0223855
0.00195444,7.64148e-07,0.0671409,0.0196232,0.000625891,-0.0355682,0.0355524,0.0109229
0.00212726,8.04394e-07,0.105974,0.0169054,0.000627233,-0.0555337,0.0555177,0.00878827
0.00233513,6.88934e-07,0.0932953,0.017155,0.000698595,-0.040756,0.0407431,0.00868751
0.00194459,6.99795e-07,0.154333,0.0188589,0.000622474,-0.0622235,0.0622084,0.00986432
0.00192717,8.19469e-07,0.0873341,0.0175332,0.000635224,-0.0441129,0.0440985,0.00871764
0.00209378,6.70531e-07,0.112734,0.0166523,0.000617628,-0.03484,0.0348259,0.00880242
0.00207877,8.25886e-07,0.0938484,0.0772244,0.000627331,-0.0311076,0.0310933,0.00864814
0.00471031,7.69519e-07,0.104154,0.0163725,0.00062065,-0.035587,0.0355698,0.00862424
0.00241119,8.0356e-07,0.10437,0.0166938,0.000626707,-0.0351129,0.0351023,0.00862694
0.0020619,7.08713e-07,0.088493,0.0165827,0.000623674,-0.0252666,0.0252557,0.00881764
0.00234889,7.62373e-07,0.0771866,0.0197697,0.00127077,-0.0289756,0.0289642,0.014077
0.00207478,8.51541e-07,0.116593,0.0172413,0.00087412,-0.042017,0.042008,0.0129407
0.00208569,1.18191e-06,0.15393,0.0221659,0.000631165,-0.0493457,0.0493291,0.00920859
0.00196318,6.91093e-07,0.154461,0.0190162,0.000629865,-0.0629423,0.0629262,0.00874267
0.016221,1.00109e-06,0.107367,0.0175059,0.000621921,-0.0490871,0.0490648,0.00887897
0.00194679,8.12782e-07,0.0833058,0.0167934,0.000617293,-0.0340669,0.0340571,0.00890926
0.0019652,7.16467e-07,0.0676405,0.0164671,0.000627188,-0.0210868,0.0210761,0.00847793
0.00229357,6.87075e-07,0.113171,0.0251172,0.000677292,-0.0453734,0.0453581,0.00944916
0.00295946,8.32324e-07,0.108951,0.0168524,0.000686948,-0.0618793,0.0618648,0.00892308
0.00192088,6.63639e-07,0.0933658,0.0268141,0.000708378,-0.0378291,0.0378147,0.00880108
0.00191474,7.64465e-07,0.108452,0.018314,0.000729792,-0.0299895,0.029975,0.00905348
0.00196452,7.8045e-07,0.0991705,0.0171041,0.000623813,-0.0346158,0.0346,0.00884609
0.00190892,7.31743e-07,0.094035,0.0165335,0.000616797,-0.0547169,0.0547007,0.00884882
0.00196406,8.72284e-07,0.0641774,0.0164422,0.000619045,-0.0347599,0.0347347,0.00891471
0.00206427,8.28282e-07,0.117625,0.0703296,0.000626767,-0.0416196,0.0416029,0.00911102
0.00199013,8.80626e-07,0.104856,0.0164453,0.000631363,-0.0382977,0.0382823,0.00896154
0.00192511,6.84102e-07,0.117681,0.0166232,0.00063448,-0.0465069,0.0464955,0.00872031
0.00201041,1.7568e-06,0.083729,0.0166479,0.000663411,-0.0343073,0.0342958,0.00862
0.00189585,9.03459e-07,0.0998755,0.019159,0.000619789,-0.0485402,0.0485243,0.00902701
0.00190715,7.89736e-07,0.114856,0.0175441,0.000672848,-0.0446657,0.044649,0.00894818
0.00208716,8.36035e-07,0.113938,0.0186495,0.000619549,-0.039649,0.0396319,0.00973485
0.00199513,7.48293e-07,0.112515,0.0308016,0.0104295,-0.0345666,0.0345559,0.0200201
0.00248053,7.922e-07,0.129581,0.0171136,0.000634744,-0.0428436,0.0428289,0.00901777
0.00221496,9.5538e-07,0.14775,0.0177143,0.000627764,-0.0511424,0.0511263,0.0204981
0.00191323,1.0954e-06,0.139623,0.0169795,0.000620611,-0.045198,0.0451816,0.00904772
0.00231185,7.09228e-07,0.115819,0.0166598,0.000643912,-0.0447902,0.0447757,0.0091314
0.00217166,6.87867e-07,0.130213,0.0169137,0.000630059,-0.0330183,0.0330029,0.00929757
0.00197227,8.37062e-07,0.125792,0.0182658,0.000624104,-0.0586038,0.0585885,0.00984445
0.00218787,8.08331e-07,0.151034,0.0172394,0.000640929,-0.0375328,0.0375195,0.0102336
0.00192048,9.89852e-07,0.111768,0.101009,0.000623818,-0.0250189,0.0250039,0.00927563
0.00228525,7.17317e-07,0.0805437,0.0460031,0.0006044,-0.028829,0.0288131,0.0140679
0.00204544,7.67533e-07,0.0650905,0.017718,0.000632759,-0.0214509,0.0214373,0.00928735
0.00235671,8.65026e-07,0.112442,0.0197166,0.00062688,-0.0430028,0.0429883,0.0101624
0.00214566,8.92847e-07,0.116165,0.0174473,0.000954673,-0.0403217,0.0403076,0.0150073
0.0019712,1.22999e-06,0.0626913,0.0163259,0.000627089,-0.0476183,0.0476033,0.00880762
0.00195549,7.46514e-07,0.0793638,0.017493,0.000627235,-0.0592524,0.0592368,0.00926152
0.00202305,6.89974e-07,0.149556,0.0175063,0.00116898,-0.0380495,0.0380346,0.00930553
0.00192758,6.15603e-07,0.0739351,0.0184702,0.000735681,-0.0478894,0.047878,0.0113669
0.00222067,8.35957e-07,0.126117,0.0174476,0.000634571,-0.0291888,0.0291725,0.00928882
0.00198905,7.45476e-07,0.123206,0.0179455,0.000649789,-0.0394834,0.0394753,0.00952028
0.00714576,7.48107e-07,0.0632262,0.0168634,0.000619884,-0.0220996,0.0220892,0.00985237
0.00191298,7.01163e-07,0.0757386,0.0162258,0.000680574,-0.03129,0.0312794,0.0090257
0.00220489,7.49578e-07,0.0724796,0.0222956,0.000600401,-0.0284642,0.0284486,0.00997627
0.00200894,7.75491e-07,0.0962666,0.0191841,0.000627145,-0.0287864,0.0287773,0.00962376
0.00197313,9.2138e-07,0.0802317,0.0169103,0.000616702,-0.0383888,0.0383735,0.00948214
0.00223217,8.92205e-07,0.129517,0.0193399,0.00442948,-0.0371564,0.0371439,0.0112689
0.0171516,9.84717e-07,0.112815,0.0294497,0.000645723,-0.0281672,0.0281526,0.013822
0.00198058,7.92844e-07,0.107457,0.0383656,0.00066083,-0.0417034,0.0416867,0.0134123
0.00404798,8.78769e-07,0.0749102,0.021565,0.000633679,-0.023456,0.0234424,0.0111207
0.0021725,6.97236e-07,0.0647831,0.0182743,0.000629204,-0.0240737,0.0240615,0.010374
0.00191844,7.62474e-07,0.0695788,0.0166719,0.000625666,-0.0314971,0.0314878,0.00997855
0.00214016,8.83632e-07,0.0690731,0.0163231,0.000653566,-0.0365443,0.0365354,0.00953185
0.0174025,8.02771e-07,0.0735743,0.0820941,0.00205802,-0.0335028,0.0334885,0.0203526
0.00211027,7.14098e-07,0.101423,0.0222304,0.000595098,-0.0268928,0.0268767,0.0106552
0.033499,8.6434e-07,0.0896495,0.0186188,0.000645666,-0.0265633,0.0265511,0.0114471
0.0116306,1.03524e-06,0.108109,0.0362229,0.00217291,-0.0399311,0.0399158,0.0183262
0.00235746,7.40576e-07,0.0734369,0.0187619,0.000622394,-0.025575,0.0255605,0.0114812
0.00276435,7.8933e-07,0.0670135,0.0203299,0.000630547,-0.036565,0.0365518,0.0178417
0.00266232,9.21621e-07,0.126345,0.0189206,0.00069292,-0.0446561,0.0446431,0.0156362
0.00268925,6.54792e-07,0.0937052,0.0175708,0.000645976,-0.0222352,0.0222225,0.0132481
0.00439544,8.07896e-07,0.0750427,0.0187059,0.000939145,-0.0386608,0.0386486,0.0124209
0.00190645,7.71338e-07,0.113532,0.0186739,0.000620749,-0.0461705,0.0461547,0.0106279
0.00432441,7.73079e-07,0.0832294,0.0490088,0.000677578,-0.0351002,0.0350829,0.0105247
0.00575565,8.39241e-07,0.106121,0.0173687,0.000628819,-0.0545644,0.0545481,0.0113983
0.00210231,6.75924e-07,0.135575,0.050139,0.000627025,-0.0453139,0.0453032,0.00998896
0.003022,8.54398e-07,0.102343,0.0205673,0.000643673,-0.0408909,0.040874,0.0108213
0.00224765,8.1756e-07,0.0672659,0.0180245,0.000635711,-0.0584591,0.0584475,0.0100514
0.00199023,8.01533e-07,0.0959594,0.0204713,0.000658541,-0.0448516,0.0448375,0.012694
0.00549935,7.25333e-07,0.0731192,0.0169329,0.00067928,-0.0450505,0.0450349,0.0119902
0.00192483,9.95386e-07,0.113983,0.0172947,0.000630764,-0.039418,0.0394017,0.0151785
0.00203837,1.18684e-06,0.105886,0.0223341,0.000675357,-0.0574943,0.0574783,0.0121437
0.00195154,1.51577e-06,0.101219,0.0173863,0.000630896,-0.0402104,0.0401967,0.0111334
0.00194379,6.95167e-07,0.117739,0.0189687,0.000635644,-0.0440449,0.0440301,0.0105921
0.00207108,1.11503e-06,0.133003,0.0196004,0.000643821,-0.0320455,0.0320321,0.0117363
0.00233216,7.60326e-07,0.0846109,0.0171922,0.000810152,-0.0386003,0.0385884,0.0106546
0.0021055,8.92069e-07,0.109151,0.0165706,0.000620279,-0.0478336,0.0478193,0.0105504
0.00192208,8.10221e-07,0.0987442,0.0167236,0.00876384,-0.0492315,0.0492196,0.0206073
0.00194497,7.62232e-07,0.0662903,0.016152,0.000634462,-0.0205964,0.0205838,0.0101009
0.0020496,9.3572e-07,0.105189,0.0301174,0.000634748,-0.0475897,0.0475758,0.0114587
0.00190352,6.91556e-07,0.142182,0.0180108,0.00061882,-0.0289266,0.0289093,0.0104518
0.00197113,8.26262e-07,0.109076,0.0171783,0.000632149,-0.0307339,0.0307196,0.0104826
0.00256541,7.93518e-07,0.138353,0.017015,0.00106375,-0.043422,0.0434082,0.0204186
0.00197063,7.09733e-07,0.117677,0.0211752,0.00222474,-0.0326672,0.032652,0.0188898
0.00459447,1.02278e-06,0.10258,0.0332563,0.000618107,-0.0375668,0.0375497,0.0109049
0.00194589,7.29017e-07,0.134386,0.0172782,0.000630359,-0.0375452,0.0375302,0.0105616
0.00202721,7.90682e-07,0.102335,0.0269655,0.000625259,-0.051399,0.0513848,0.0108085
0.0021379,1.08551e-06,0.0741352,0.0299899,0.00465098,-0.0282664,0.0282514,0.0157144
0.00288818,7.6856e-07,0.0762455,0.0230274,0.000959847,-0.0336406,0.0336273,0.0135321
0.00203341,7.57867e-07,0.0921521,0.0180404,0.00113559,-0.0258678,0.0258581,0.0149778
0.00488959,9.7522e-07,0.0763821,0.0195452,0.000613855,-0.0259035,0.0258882,0.0113385
0.004761,1.09445e-06,0.0746281,0.017662,0.000748623,-0.0417359,0.0417225,0.0109837
0.0019709,7.83012e-07,0.14144,0.0172949,0.000633239,-0.0433275,0.0433172,0.0107311
0.00188074,7.23566e-07,0.113085,0.016463,0.000614813,-0.0386413,0.0386286,0.0104114
0.00338541,7.0853e-07,0.11771,0.0165179,0.000617512,-0.0548773,0.0548651,0.0108259
0.00197034,7.31834e-07,0.126764,0.0174612,0.000634439,-0.0475566,0.0475395,0.0123075
0.00203859,7.62543e-07,0.0774931,0.0175444,0.00061888,-0.0315699,0.0315556,0.0133582
0.00272743,8.55892e-07,0.0885632,0.0261222,0.000769707,-0.0481666,0.0481544,0.0108554
0.00190621,6.59741e-07,0.0970057,0.0165287,0.0139527,-0.0339451,0.0339307,0.0206078
0.00191308,7.09395e-07,0.161731,0.0170582,0.000615133,-0.0541556,0.0541403,0.0109513
0.0020155,7.14639e-07,0.130691,0.0172218,0.000621741,-0.0340055,0.0339898,0.0112301
0.00213699,7.88855e-07,0.129882,0.0172877,0.000623374,-0.0403116,0.0402961,0.0112406
0.00201588,8.02158e-07,0.133035,0.0607561,0.000629994,-0.0435477,0.0435328,0.0112976
0.00219321,7.68566e-07,0.141297,0.0176962,0.000961087,-0.0433599,0.0433456,0.0183037
0.00219744,1.08503e-06,0.117687,0.0274933,0.000687924,-0.0607153,0.0607014,0.0114091
0.00197976,8.03086e-07,0.124201,0.0176435,0.000607148,-0.0429639,0.0429421,0.0111221
0.00204101,8.33968e-07,0.097409,0.0208304,0.000630248,-0.0429973,0.0429831,0.0111777
0.00194287,6.91192e-07,0.149141,0.0173612,0.000621791,-0.043579,0.0435634,0.0112692
0.00194942,8.03336e-07,0.132041,0.0181718,0.000630135,-0.0630197,0.0630075,0.0120262
0.0240012,8.37116e-07,0.131999,0.0248096,0.000732166,-0.0537708,0.0537561,0.0123572
0.0022501,8.04304e-07,0.125506,0.0173311,0.000610815,-0.04671,0.0466951,0.011641
0.00210655,7.95985e-07,0.120359,0.0187978,0.000639161,-0.0518757,0.0518615,0.0113532
0.00196254,9.53222e-07,0.150188,0.0176445,0.000617355,-0.0523885,0.0523748,0.0114075
0.00209662,8.53104e-07,0.112865,0.0167672,0.000627529,-0.0487706,0.0487545,0.0114403
0.00665185,8.50024e-07,0.0920487,0.0431096,0.00810189,-0.0395079,0.0394909,0.0167768
0.00209799,9.35944e-07,0.0896494,0.0176561,0.000631145,-0.0477138,0.0476998,0.0129953
